USE meeting;
INSERT INTO users (lastname, firstname, patronymic, email, phone) 
VALUES 
('ШИДЛОВСКАЯ', 'ЛЮБОВЬ', 'ИВАНОВНА', 'e83517412356@mail.ru', '83517412356'),
('МОСКВИТИНА', 'МАРИНА', 'СЕРГЕЕВНА', 'e83517412357@mail.ru', '83517412357'),
('ОРЛОВА', 'АНАСТАСИЯ', 'РАШИТОВНА', 'e83517412358@mail.ru', '83517412358'),
('ОРЛОВ', 'РОМАН', 'НИКОЛАЕВИЧ', 'e83517412359@mail.ru', '83517412359'),
('КОРНЕВА', 'НИНА', 'НИКОЛАЕВНА', 'e83517412360@mail.ru', '83517412360'),
('КОРНЕВ', 'ВЛАДИМИР', 'ИВАНОВИЧ', 'e83517412361@mail.ru', '83517412361'),
('МАЛЬЦЕВА', 'АВГУСТА', 'АЛЕКСАНДРОВНА', 'e83517412362@mail.ru', '83517412362'),
('МАЛЬЦЕВА', 'ИРИНА', 'ЮРЬЕВНА', 'e83517412363@mail.ru', '83517412363'),
('ЯДОВА', 'ЕЛЕНА', 'АЛЕКСАНДРОВНА', 'e83517412364@mail.ru', '83517412364'),
('ЯДОВ', 'АНДРЕЙ', 'НИКОЛАЕВИЧ', 'e83517412365@mail.ru', '83517412365'),
('ЯДОВА(ЯКУПОВА)', 'НАДЕЖДА', 'АНДРЕЕВНА', 'e83517412366@mail.ru', '83517412366'),
('ЯДОВА(БАКАЛЕНКО)', 'АЛЕКСАНДРА', 'АНДРЕЕВНА', 'e83517412367@mail.ru', '83517412367'),
('ЯДОВА(ЛЮТОВА)', 'КАТЕРИНА', 'АНДРЕЕВНА', 'e83517412368@mail.ru', '83517412368'),
('ЯДОВА(САТИНА)', 'ТАТЬЯНА', 'АНДРЕЕВНА', 'e83517412369@mail.ru', '83517412369'),
('ИБРАГИМОВ', 'ФАРИТ', 'РАФАИЛОВИЧ', 'e83517412370@mail.ru', '83517412370'),
('ЗАЙЦЕВА', 'ЗИНАИДА', 'АЛЕКСАНДРОВНА', 'e83517412371@mail.ru', '83517412371'),
('МАКАРЕВИЧ', 'АЛЕКСАНДР', 'ВИКТОРОВИЧ', 'e83517412372@mail.ru', '83517412372'),
('БАК', 'ГАЛИНА', 'АЛЕКСАНДРОВНА', 'e83517412373@mail.ru', '83517412373'),
('БАК', 'ВАДИМ', 'МИХАЙЛОВИЧ', 'e83517412374@mail.ru', '83517412374'),
('БАК', 'МИХАИЛ', 'ГРИГОРЬЕВИЧ', 'e83517412375@mail.ru', '83517412375'),
('АЛЕКСЕЕВА', 'НАДЕЖДА', 'ИВАНОВНА', 'e83517412376@mail.ru', '83517412376'),
('АЛЕКСЕЕВ', 'СЕРГЕЙ', 'ВЛАДИМИРОВИЧ', 'e83517412377@mail.ru', '83517412377'),
('КОРОБИЦЫНА', 'НАДЕЖДА', 'ЕФРЕМОВНА', 'e83517412378@mail.ru', '83517412378'),
('ЕМЕЛИНА', 'ГАЛИНА', 'ПАВЛОВНА', 'e83517412379@mail.ru', '83517412379'),
('ГЕРБЕРСГАГЕН', 'ЛЮДМИЛА', 'БОРИСОВНА', 'e83517412380@mail.ru', '83517412380'),
('КУИМОВ', 'ИВАН', 'ВЛАДИМИРОВИЧ', 'e83517412381@mail.ru', '83517412381'),
('ИСАЕВА', 'ТАТЬЯНА', 'ИОСИФОВНА', 'e83517412382@mail.ru', '83517412382'),
('ЗУЕВ', 'ПАВЕЛ', 'ЛЕОНИДОВИЧ', 'e83517412383@mail.ru', '83517412383'),
('ЗУЕВА', 'АЛЬФИЯ', 'ЗАННАТОВНА', 'e83517412384@mail.ru', '83517412384'),
('СВИРИДОВА', 'АННА', 'ПАВЛОВНА', 'e83517412385@mail.ru', '83517412385'),
('СЕМИН', 'КОНСТАНТИН', 'ЮРЬЕВИЧ', 'e83517412386@mail.ru', '83517412386'),
('МИЛЮТИНА', 'ЕКАТЕРИНА', 'АНДРЕЕВНА', 'e83517412387@mail.ru', '83517412387'),
('ВЕНИДИКТОВА', 'СТАНИСЛАВА', 'ВОЙЦЕХОВНА', 'e83517412388@mail.ru', '83517412388'),
('ПОПКОВА', 'НАТАЛЬЯ', 'АЛЕКСЕЕВНА', 'e83517412389@mail.ru', '83517412389'),
('СТЕПИНА', 'ЕКАТЕРИНА', 'ИВАНОВНА', 'e83517412390@mail.ru', '83517412390'),
('СТЕПИНА', 'СОФИЯ', 'АЛЕКСАНДРОВНА', 'e83517412391@mail.ru', '83517412391'),
('КЛИМИЧЕНКО', 'ВИКТОР', 'ГАВРИЛОВИЧ', 'e83517412392@mail.ru', '83517412392'),
('СТЕПИНА', 'ГАЛИНА', 'ГАВРИЛОВНА', 'e83517412393@mail.ru', '83517412393'),
('МИКШИНА', 'ЛЮБОВЬ', 'ЯКОВЛЕВНА', 'e83517412394@mail.ru', '83517412394'),
('ТОРОПЧИН', 'СЕРГЕЙ', 'АЛЕКСАНДРОВИЧ', 'e83517412395@mail.ru', '83517412395'),
('ТОРОПЧИН', 'ЕВГЕНИЙ', 'АЛЕКСАНДРОВИЧ', 'e83517412396@mail.ru', '83517412396'),
('АЛИНА', 'НАТАЛЬЯ', 'ВИКТОРОВНА', 'e83517412397@mail.ru', '83517412397'),
('СЫРВАЧЕВ', 'АЛЕКСЕЙ', 'ИВАНОВИЧ', 'e83517412398@mail.ru', '83517412398'),
('СЫРВАЧЕВ', 'АЛЕКСЕЙ', 'АЛЕКСЕЕВИЧ', 'e83517412399@mail.ru', '83517412399'),
('КАРСУНЦЕВА', 'ВАЛЕНТИНА', 'ВАСИЛЬЕВНА', 'e83517412400@mail.ru', '83517412400'),
('КРОПАЧЕВ', 'АНДРЕЙ', 'ВАЛЕНТИНОВИЧ', 'e83517412401@mail.ru', '83517412401'),
('САУНИНА', 'ГАЛИНА', 'АНАТОЛЬЕВНА', 'e83517412402@mail.ru', '83517412402'),
('ЕРОХИНА', 'ГАЛИНА', 'ФЕДОРОВНА', 'e83517412403@mail.ru', '83517412403'),
('ИВАНОВ', 'ТИМОФЕЙ', 'ПЕТРОВИЧ', 'e83517412404@mail.ru', '83517412404'),
('КАЗАНЦЕВ', 'АЛЕКСАНДР', 'ЕВГЕНЬЕВИЧ', 'e83517412405@mail.ru', '83517412405'),
('СЕЛЬКОВ', 'АЛЕКСАНДР', 'АНАТОЛЬЕВИЧ', 'e83517412406@mail.ru', '83517412406'),
('ПОТАПОВ', 'ЕВГЕНИЙ', 'ВИКТОРОВИЧ', 'e83517412407@mail.ru', '83517412407'),
('МАРКЕЛОВ', 'АЛЕКСАНДР', 'ГЕОРГИЕВИЧ', 'e83517412408@mail.ru', '83517412408'),
('МАРКЕЛОВ', 'АНДРЕЙ', 'АЛЕКСАНДРОВИЧ', 'e83517412409@mail.ru', '83517412409'),
('ТОМИЛОВА', 'СВЕТЛАНА', 'ГЕННАДЬЕВНА', 'e83517412410@mail.ru', '83517412410'),
('ТОМИЛОВ', 'ПАВЕЛ', 'ОЛЕГОВИЧ', 'e83517412411@mail.ru', '83517412411'),
('ТОМИЛОВ', 'ОЛЕГ', 'ЮРЬЕВИЧ', 'e83517412412@mail.ru', '83517412412'),
('БЕСПЯТЫХ', 'ГУЛЬШИДА', 'ХУСНУЛЛОВНА', 'e83517412413@mail.ru', '83517412413'),
('ГРИГОРЬЕВА', 'АЛЕКСАНДРА', 'ЕГОРОВНА', 'e83517412414@mail.ru', '83517412414'),
('ТРИФОНОВ', 'ВЛАДИМИР', 'ВАЛЕНТИНОВИЧ', 'e83517412415@mail.ru', '83517412415'),
('ТРИФОНОВА', 'ОЛЬГА', 'ВЛАДИМИРОВНА', 'e83517412416@mail.ru', '83517412416'),
('ТРИФОНОВА', 'НАДЕЖДА', 'НИКОЛАЕВНА', 'e83517412417@mail.ru', '83517412417'),
('ШАМИНА', 'ТАМАРА', 'НИКОЛАЕВНА', 'e83517412418@mail.ru', '83517412418'),
('КОЖУНОВА', 'ЕКАТЕРИНА', 'ВЕНИАМИНОВНА', 'e83517412419@mail.ru', '83517412419'),
('КОЖУНОВ', 'ДМИТРИЙ', 'ВЛАДИМИРОВИЧ', 'e83517412420@mail.ru', '83517412420'),
('БЕССОНОВА', 'ГАЛИНА', 'ГЕОРГИЕВНА', 'e83517412421@mail.ru', '83517412421'),
('БЕССОНОВ', 'ВЛАДИМИР', 'ВЛАДИМИРОВИЧ', 'e83517412422@mail.ru', '83517412422'),
('НИКУЛЕВ', 'ОЛЕГ', 'ВЛАДИМИРОВИЧ', 'e83517412423@mail.ru', '83517412423'),
('ОРЕХОВА', 'СВЕТЛАНА', 'ВЛАДИМИРОВНА', 'e83517412424@mail.ru', '83517412424'),
('КИРЬЯНОВА', 'ГУЛЬНАРА', 'ГАЙТИНОВНА', 'e83517412425@mail.ru', '83517412425'),
('АБРОСИМОВА', 'ИРИНА', 'НИКОЛАЕВНА', 'e83517412426@mail.ru', '83517412426'),
('ЗАХАРОВА', 'СВЕТЛАНА', 'АЛЕКСАНДРОВНА', 'e83517412427@mail.ru', '83517412427'),
('КУРОЧКИН', 'АНДРЕЙ', 'СТАНИСЛАВОВИЧ', 'e83517412428@mail.ru', '83517412428'),
('ШЕПТУНОВА', 'ЕЛЕНА', 'ЮРЬЕВНА', 'e83517412429@mail.ru', '83517412429'),
('ЗАЧИНЯЕВ', 'ГЕННАДИЙ', 'ВАСИЛЬЕВИЧ', 'e83517412430@mail.ru', '83517412430'),
('ИВАНОВА', 'МАРИЯ', 'ВАСИЛЬЕВНА', 'e83517412431@mail.ru', '83517412431'),
('ПЛОТНИКОВА', 'ТАТЬЯНА', 'АНАТОЛЬЕВНА', 'e83517412432@mail.ru', '83517412432'),
('НАДТОЧИЙ', 'АЛЕКСАНДР', 'СЕРГЕЕВИЧ', 'e83517412433@mail.ru', '83517412433'),
('ДУБРОВИН', 'СЕРГЕЙ', 'АЛЕКСАНДРОВИЧ', 'e83517412434@mail.ru', '83517412434'),
('ВАСИЛЬЕВА', 'КСЕНИЯ', 'АНАТОЛЬЕВНА', 'e83517412435@mail.ru', '83517412435'),
('САДЫКОВ', 'РАФИК', 'РАФАИЛОВИЧ', 'e83517412436@mail.ru', '83517412436'),
('НИЯЗОВА (ТЫРДАНОВА)', 'ЭЛЬВИРА', 'ИБРАГИМОВНА', 'e83517412437@mail.ru', '83517412437'),
('ИВЧЕНКО', 'ЕЛЕНА', 'ИВАНОВНА', 'e83517412438@mail.ru', '83517412438'),
('ПЕРШИНА', 'ВАЛЕНТИНА', 'ИВАНОВНА', 'e83517412439@mail.ru', '83517412439'),
('ПЕРШИНА', 'ИРИНА', 'ВАЛЕРЬЕВНА', 'e83517412440@mail.ru', '83517412440'),
('АСАУЛЯК', 'МИХАИЛ', 'ПЕТРОВИЧ', 'e83517412441@mail.ru', '83517412441'),
('КОТОВА', 'НАДЕЖДА', 'АНАТОЛЬЕВНА', 'e83517412442@mail.ru', '83517412442'),
('МЯСНИКОВ', 'АНАТОЛИЙ', 'ГРИГОРЬЕВИЧ', 'e83517412443@mail.ru', '83517412443'),
('МЯСНИКОВ', 'ДМИТРИЙ', 'АНАТОЛЬЕВИЧ', 'e83517412444@mail.ru', '83517412444'),
('СМИРНОВ', 'СЕРГЕЙ', 'ЮРЬЕВИЧ', 'e83517412445@mail.ru', '83517412445'),
('ОБЕРТЫШЕВА', 'ТАМАРА', 'ИВАНОВНА', 'e83517412446@mail.ru', '83517412446'),
('ОБЕРТЫШЕВ', 'ВЛАДИМИР', 'ИВАНОВИЧ', 'e83517412447@mail.ru', '83517412447'),
('КИЛЬДЯЕВА', 'ЕЛЕНА', 'ВЛАДИМИРОВНА', 'e83517412448@mail.ru', '83517412448'),
('ТЮТИКОВА', 'ЗОЯ', 'ЛУКШИНА', 'e83517412449@mail.ru', '83517412449'),
('СМИРНЫХ', 'ЛЮДМИЛА', 'АЛЕКСЕЕВНА', 'e83517412450@mail.ru', '83517412450'),
('ХАНАФЕЕВА', 'АЛЬФИЯ', 'МУХАРАМОВНА', 'e83517412451@mail.ru', '83517412451'),
('СМИРНОВ', 'ЮРИЙ', 'ВАЛЕНТИНОВИЧ', 'e83517412452@mail.ru', '83517412452'),
('ТИМОШЕНКО', 'ТАТЬЯНА', 'ВИКТОРОВНА', 'e83517412456@mail.ru', '83517412456'),
('СМОЛИН', 'ОЛЕГ', 'ИВАНОВИЧ', 'e83517412457@mail.ru', '83517412457'),
('РАССОМАХИНА', 'ЗИНАИДА', 'СТЕПАНОВНА', 'e83517412458@mail.ru', '83517412458'),
('ГОРЯЧЕВСКИХ', 'НАТАЛЬЯ', 'АНАТОЛЬЕВНА', 'e83517412459@mail.ru', '83517412459'),
('КРАСИКОВА', 'НАДЕЖДА', 'ЕВГЕНЬЕВНА', 'e83517412460@mail.ru', '83517412460'),
('КРУГЛОВЕНКО', 'ИГОРЬ', 'СТАНИСЛАВОВИЧ', 'e83517412461@mail.ru', '83517412461'),
('ЗАЙНАГАБДИНОВА', 'ВЕНЕРА', 'ФАРИТОВНА', 'e83517412462@mail.ru', '83517412462'),
('САФАРОВА', 'ЛИЛИЯ', 'ФАРИТОВНА', 'e83517412463@mail.ru', '83517412463'),
('РУДСКИХ', 'ГАЛИНА', 'МИХАЙЛОВНА', 'e83517412464@mail.ru', '83517412464'),
('ПЛЕТНЕВА', 'ОКСАНА', 'АЛЕКСАДРОВНА', 'e83517412465@mail.ru', '83517412465'),
('СУНУГАТОВА', 'ЮЛИЯ', 'ВЛАДИМИРОВНА', 'e83517412466@mail.ru', '83517412466'),
('ЛУКИНА', 'МАРИЯ', 'ИВАНОВНА', 'e83517412467@mail.ru', '83517412467'),
('СОРОКИНА', 'ЕЛЕНА', 'ВЯЧЕСЛАВОВНА', 'e83517412468@mail.ru', '83517412468'),
('МИТЯГИНА', 'ГАЛИНА', 'АЛЕКСАНДРОВНА', 'e83517412469@mail.ru', '83517412469'),
('КАРИКОВА', 'СВЕТЛАНА', 'СЕРГЕЕВНА', 'e83517412470@mail.ru', '83517412470'),
('ПОПУЛОВА', 'КЛАВДИЯ', 'ВАСИЛЬЕВНА', 'e83517412471@mail.ru', '83517412471'),
('ОСИПОВА', 'ЕКАТЕРИНА', 'АНДРЕЕВНА', 'e83517412472@mail.ru', '83517412472'),
('ГНАТЮК', 'НАТАЛЬЯ', 'ЯКОВЛЕВНА', 'e83517412473@mail.ru', '83517412473'),
('ЦИКУНОВА', 'ТАТЬЯНА', 'ВАСИЛЬЕВНА', 'e83517412474@mail.ru', '83517412474'),
('МАРКЕЛОВА', 'ТАТЬЯНА', 'ВАСИЛЬЕВНА', 'e83517412475@mail.ru', '83517412475'),
('МАРКЕЛОВ', 'НИКОЛАЙ', 'АНДРЕЕВИЧ', 'e83517412476@mail.ru', '83517412476'),
('МАЛИКОВА', 'ТОМАРА', 'ВЯЧЕСЛАВОВНА', 'e83517412477@mail.ru', '83517412477'),
('МАЛИКОВ', 'ЕГОР', 'ДЕНИСОВИЧ', 'e83517412478@mail.ru', '83517412478'),
('ВЛАДЫКО', 'АНАСТАСИЯ', 'ЛЕОНИДОВНА', 'e83517412479@mail.ru', '83517412479'),
('МАЛИКОВА', 'НАТАЛЬЯ', 'ФЕДОРОВНА', 'e83517412480@mail.ru', '83517412480'),
('ИВАНОВА', 'ТАТЬЯНА', 'ВАСИЛЬЕВНА', 'e83517412481@mail.ru', '83517412481'),
('ГИНИЯТУЛЛИНА', 'ЭЛЬВИРА', 'ХУСЕЙНОВНА', 'e83517412482@mail.ru', '83517412482'),
('АЛИАНБАРОВА', 'МАРИНА', 'АБРАРОВНА', 'e83517412483@mail.ru', '83517412483'),
('ШОКОЛОВ', 'ЕВГЕНИЙ', 'АЛЕКСАНДРОВИЧ', 'e83517412484@mail.ru', '83517412484'),
('ШОКОЛОВА', 'АНАТАСИЯ', 'ВАЛЕРЬЕВНА', 'e83517412485@mail.ru', '83517412485'),
('БАТРАКОВА', 'ОКСАНА', 'ВАСИЛЬЕВНА', 'e83517412486@mail.ru', '83517412486'),
('СЕМЕНОВ', 'АНДРЕЙ', 'ИВАНОВИЧ', 'e83517412487@mail.ru', '83517412487'),
('ВОЗНИКОВА', 'ЕЛЕНА', 'ГЕННАДЬЕНА', 'e83517412488@mail.ru', '83517412488'),
('ШОВНИКОВ', 'ДМИТРИЙ', 'СЕРГЕЕВИЧ', 'e83517412489@mail.ru', '83517412489'),
('ШОВНИКОВА', 'ОЛЬГА', 'ГЕННАДЬЕВНА', 'e83517412490@mail.ru', '83517412490'),
('ПАСТУХОВ', 'ВИКТОР', 'ИВАНОВИЧ', 'e83517412491@mail.ru', '83517412491'),
('КУЧКО', 'ЮЛИЯ', 'ЮРЬЕВНА', 'e83517412492@mail.ru', '83517412492'),
('КУЦКО', 'ОЛЬГА', 'ИГОРЕВНА', 'e83517412493@mail.ru', '83517412493'),
('КУЧУКОВА', 'КАМИЛЛА', 'РИНАРОВНА', 'e83517412494@mail.ru', '83517412494'),
('КУЧУКОВА', 'ЮЛИЯ', 'РАШИТОВНА', 'e83517412495@mail.ru', '83517412495'),
('ВАЛАВИНА', 'АННА', 'ДМИТРИЕВНА', 'e83517412496@mail.ru', '83517412496'),
('ТУРБАНОВА', 'ЛЮБОВЬ', 'АЛЕКСЕЕВНА', 'e83517412497@mail.ru', '83517412497'),
('ПЕРВАКОВА', 'ЕКАТЕРИНА', 'ВЛАДИМИРОВНА', 'e83517412498@mail.ru', '83517412498'),
('ПЕРВАКОВА', 'КРИСТИНА', 'ОЛЕГОВНА', 'e83517412499@mail.ru', '83517412499'),
('ЕГОРОВ', 'ОЛЕГ', 'ВИКТОРОВИЧ', 'e83517412500@mail.ru', '83517412500'),
('ШКАЛИКОВА', 'АНАСТАСИЯ', 'АЛЕКСАДРОВНА', 'e83517412501@mail.ru', '83517412501'),
('ШАДРИНА', 'АНТОНИНА', 'СЕРГЕЕВНА', 'e83517412502@mail.ru', '83517412502'),
('КИРИЧЕНКО', 'ВЕРОНИКА', 'ГЕННАДЬЕВНА', 'e83517412503@mail.ru', '83517412503'),
('АБСАЛЕНОВА', 'ЕЛЕНА', 'НИКОЛАЕВНА', 'e83517412504@mail.ru', '83517412504'),
('ФАЛЕЕВ', 'НИКОЛАЙ', 'ИВАНОВИЧ', 'e83517412505@mail.ru', '83517412505'),
('ВАНЬКОВА', 'НАТАЛЬЯ', 'ИОЗАСАВНА', 'e83517412506@mail.ru', '83517412506'),
('ЮРИНЧУК', 'ТАТЬЯНА', 'ПЕТРОВНА', 'e83517412507@mail.ru', '83517412507'),
('ДОЛГОПОЛ', 'ГРИГОРИЙ', 'ВЛАДМИРОВИЧ', 'e83517412508@mail.ru', '83517412508'),
('КУЗНЕЦОВА', 'ЛЮДМИЛА', 'ВЛАДИМИРОВНА', 'e83517412509@mail.ru', '83517412509'),
('ДОВГОПОЛ', 'ВЛАДИМИР', 'ПЕТРОВИЧ', 'e83517412510@mail.ru', '83517412510'),
('ГУЛЬНИНА', 'ВАЛЕНТИНА', 'ВИКТОРОВНА', 'e83517412511@mail.ru', '83517412511'),
('МАНУКЪЯНЦ', 'РУБЕН', 'ХАЧАТУРОВИЧ', 'e83517412512@mail.ru', '83517412512'),
('МАНУКЪЯНЦ', 'АНЖЕЛЛА', 'ХАЧАТУРОВНА', 'e83517412513@mail.ru', '83517412513'),
('КОТЕЛЬНИКОВА', 'МАРИЯ', 'ВЛАДИСЛАВОВНА', 'e83517412514@mail.ru', '83517412514'),
('КОТЕЛЬНИКОВ', 'ВЛАДИСЛАВ', 'МИХАЙЛОВИЧ', 'e83517412515@mail.ru', '83517412515'),
('АВДЕЕВА', 'ВЕРА', 'ВАСИЛЬЕВНА', 'e83517412516@mail.ru', '83517412516'),
('ЛОГОЧЕВА', 'ЛЮДМИЛА', 'АНДРЕЕВНА', 'e83517412517@mail.ru', '83517412517'),
('НЕГРЕБИЦУИХ', 'СВЕТЛАНА', 'АНАТОЛЬЕВНА', 'e83517412518@mail.ru', '83517412518'),
('СУВОРОВА', 'ЛИДИЯ', 'ГЕННАДЬЕВНА', 'e83517412519@mail.ru', '83517412519'),
('ЗАВАРУХИНА', 'ЛИДИЯ', 'НИКОЛАЕВНА', 'e83517412520@mail.ru', '83517412520'),
('ГОРКИН', 'ДМИТРИЙ', 'ИВАНОВИЧ', 'e83517412521@mail.ru', '83517412521'),
('ШАБОДАЕВА', 'АНТОНИДА', 'МИХАЙЛОВНА', 'e83517412522@mail.ru', '83517412522'),
('ПАРФЕНТЬЕВА', 'ТАТЬЯНА', 'ВИКТОРОВНА', 'e83517412523@mail.ru', '83517412523'),
('ДАВИДЕНКО', 'ВАЛЕРИЙ', 'МИХАЙЛОВИЧ', 'e83517412524@mail.ru', '83517412524'),
('БАЗЫЛЬНИКОВА', 'ГАЛИНА', 'НИКОЛАЕВНА', 'e83517412525@mail.ru', '83517412525'),
('ТЮПИКИНА', 'ЛЮБОВЬ', 'БОРИСОВНА', 'e83517412526@mail.ru', '83517412526'),
('КУКУШКМНА', 'КСЕНИЯ', 'АНДРЕЕВНА', 'e83517412527@mail.ru', '83517412527'),
('ДАНИЛЕВИЧ', 'СТАНИСЛАВ', 'ИГОРЕВИЧ', 'e83517412528@mail.ru', '83517412528'),
('БЕЗРУКОВА', 'ЛЮБОВЬ', 'ПЕТРОВНА', 'e83517412529@mail.ru', '83517412529'),
('ПЛАТОНОВ', 'АЛЕКСАНДР', 'ВИКТОРОВИЧ', 'e83517412530@mail.ru', '83517412530'),
('БИРЮКОВА', 'ТАТЬЯНА', 'НИКОЛАЕВНА', 'e83517412531@mail.ru', '83517412531'),
('БИРЮКОВА', 'ТАТЬЯНА', 'НИКОЛАЕВНА', 'e83517412532@mail.ru', '83517412532'),
('КУЧЕРОВА', 'НАТАЛЬЯ', 'НИКОЛАЕВНА', 'e83517412533@mail.ru', '83517412533'),
('СТОРОДУБЦЕВА', 'ИРИНА', 'МИХАЙЛОВНА', 'e83517412534@mail.ru', '83517412534'),
('ДОНИНКО', 'ЛАРИСА', 'АЛЕКСАНДРОВНА', 'e83517412535@mail.ru', '83517412535'),
('ЖИЛКИН', 'ВИКТОР', 'МИХАЙЛОВИЧ', 'e83517412536@mail.ru', '83517412536'),
('АИСТОВА', 'АНТОНИНА', 'АЛЕКСАНДРОВНА', 'e83517412537@mail.ru', '83517412537'),
('БУЛАНОВА', 'ИННА', 'АЛЕКСЕЕВНА', 'e83517412539@mail.ru', '83517412539'),
('ТИМИНА', 'ДЖУДЬЕТА', 'СЕРГЕЕВНА', 'e83517412540@mail.ru', '83517412540'),
('ПРОКОПЬЕВА', 'АЛЕКСАНДРА', 'ПАВЛОВНА', 'e83517412541@mail.ru', '83517412541'),
('НУРГАЛИЕВА', 'РАШИДА', 'ХАБИБУЛОВНА', 'e83517412543@mail.ru', '83517412543'),
('БАРАНОВ', 'ВАДИМ', 'ВЛАДИМИРОВИЧ', 'e83517412545@mail.ru', '83517412545'),
('КОШЕЛЕВА', 'МАРИЯ', 'ФЕДОРОВНА', 'e83517412546@mail.ru', '83517412546'),
('МЕШЕЛЕНКОВА', 'СВЕТЛАНА', 'ИВАНОВНА', 'e83517412547@mail.ru', '83517412547'),
('ШУМАКОВА', 'ТАТЬЯНА', 'ВЛАДИМИРОВНА', 'e83517412548@mail.ru', '83517412548'),
('ТАКТАШОВА', 'ФАУЗАНА', 'ДАВЛЕТОВНА', 'e83517412549@mail.ru', '83517412549'),
('МЕЩЕРЯКОВА', 'ВАЛЕНТИНА', 'СЕМЕНОВНА', 'e83517412550@mail.ru', '83517412550'),
('РЫЖОВ', 'ВИКТОР', 'ВАСИЛЬЕВИЧ', 'e83517412551@mail.ru', '83517412551'),
('РЫЖОВА', 'МАРИНА', 'САРИМОВНА', 'e83517412552@mail.ru', '83517412552'),
('ЯКОВЛЕВА', 'ЕКАТЕРИНА', 'ВАЛЕРЬЕВНА', 'e83517412553@mail.ru', '83517412553'),
('АРХИПОВ', 'АЛЕКСЕЙ', 'НИКОЛАЕВИЧ', 'e83517412554@mail.ru', '83517412554'),
('ЮШКОВА', 'ЛЮДМИЛА', 'НИКОЛАЕВНА', 'e83517412555@mail.ru', '83517412555'),
('ЮШКОВ', 'МАКСИМ', 'МАКСИМОВИЧ', 'e83517412556@mail.ru', '83517412556'),
('ГОРЯЕВА', 'НИНА', 'ПЕТРОВНА', 'e83517412557@mail.ru', '83517412557'),
('ТЮРИНА', 'ЛЮБОВЬ', 'АНАТОЛЬЕВНА', 'e83517412558@mail.ru', '83517412558'),
('ЛУКИНЫХ', 'МАРИЯ', 'АЛЕКСАНДРОВНА', 'e83517412559@mail.ru', '83517412559'),
('КОЛОБОВА', 'ОЛЬГА', 'ГРИГОРЬЕВНА', 'e83517412560@mail.ru', '83517412560'),
('КОЛОБОВ', 'АРКАДИЙ', 'ВЛАДИМИРОВИЧ', 'e83517412561@mail.ru', '83517412561'),
('КОЛОБОВА', 'НАТАЛЬЯ', 'ВЛАДИМИРОВНА', 'e83517412562@mail.ru', '83517412562'),
('СДОБНОВА', 'ГАЛИНА', 'АЛЕКСАНДРОВНА', 'e83517412563@mail.ru', '83517412563'),
('РАЗЮНЯЕВА', 'АНАСТАСИЯ', 'ДЕНИСОВНА', 'e83517412564@mail.ru', '83517412564'),
('КОНОХОВА', 'НАТАЛЬЯ', 'АЛЕКСАНДРОВНА', 'e83517412565@mail.ru', '83517412565'),
('ПИМЕНОВ', 'ЮРИЙ', 'ИВАНОВИЧ', 'e83517412566@mail.ru', '83517412566'),
('СИНЯЕВ', 'ОЛЕГ', 'ВЛАДИМИРОВИЧ', 'e83517412567@mail.ru', '83517412567'),
('СЕРАЖИДИНОВ', 'МАВЛИТ', 'КИНДЯБАЕВИЧ', 'e83517412568@mail.ru', '83517412568'),
('ЗАДОРИН', 'НИКОЛАЙ', 'ПЕТРОВИЧ', 'e83517412569@mail.ru', '83517412569'),
('НЕЧАЕВ', 'НИКОЛАЙ', 'ЕГОРОВИЧ', 'e83517412570@mail.ru', '83517412570'),
('ЛЯХОВ', 'АЛЕКСАНДР', 'НИКОЛАЕВИЧ', 'e83517412571@mail.ru', '83517412571'),
('ИВАНОВ', 'ЕВГЕНИЙ', 'ЕВГЕНЬЕВИЧ', 'e83517412572@mail.ru', '83517412572'),
('СОРОКИНА', 'ЕЛЕНА', 'НИКОЛАЕВНА', 'e83517412573@mail.ru', '83517412573'),
('ПАВЛОВА', 'ЛЮДМИЛА', 'СЕРГЕЕВНА', 'e83517412574@mail.ru', '83517412574'),
('КАРГОЛЬЦЕВА', 'ЕВГЕНИЯ', 'АНАТОЛЬЕВНА', 'e83517412575@mail.ru', '83517412575'),
('КАРГОЛЬЦЕВА', 'ОЛЬГА', 'СЕРГЕЕВНА', 'e83517412576@mail.ru', '83517412576'),
('КАРГОЛЬЦЕВА', 'НАТАЛЬЯ', 'СЕРГЕЕВНА', 'e83517412577@mail.ru', '83517412577'),
('ДЕГТЯРЕВА', 'ЕЛЕНА', 'ВИКТОРОВНА', 'e83517412578@mail.ru', '83517412578'),
('ИЛЬВИВЕЦ', 'АЛЕКСЕЙ', 'ЕВГЕНЬЕВИЧ', 'e83517412579@mail.ru', '83517412579'),
('ШИХОВА', 'ГАЛИНА', 'АНАТОЛЬЕВНА', 'e83517412580@mail.ru', '83517412580'),
('ШИХОВ', 'АНАТОЛИЙ', 'АНАТОЛЬЕВИЧ', 'e83517412581@mail.ru', '83517412581'),
('ЧИГИНЦЕВ', 'ПАВЕЛ', 'ГЕОРГИЕВИЧ', 'e83517412582@mail.ru', '83517412582'),
('ГАЛАНОВ', 'АЛЕКСАНДР', 'МИХАЙЛОВИЧ', 'e83517412583@mail.ru', '83517412583'),
('ГАЛАНОВА', 'СВЕТЛАНА', 'ВЛАДИМИРОВНА', 'e83517412584@mail.ru', '83517412584'),
('ОРЛОВА', 'ИРИНА', 'ЮРЬЕВНА', 'e83517412585@mail.ru', '83517412585'),
('ЕНИКЕЕВА', 'ТАТЬЯНА', 'АЛЕКСАНДРОВНА', 'e83517412586@mail.ru', '83517412586'),
('РЯБИНИНА', 'МАРГАРИТА', 'ГАВРИЛОВНА', 'e83517412587@mail.ru', '83517412587'),
('РЯБИНИНА', 'НАТАЛЬЯ', 'НИКОЛАЕВНА', 'e83517412588@mail.ru', '83517412588'),
('НЕФЕДОВА', 'НАТАЛЬЯ', 'АНАТОЛЬЕВНА', 'e83517412589@mail.ru', '83517412589'),
('МУТИЛИН', 'ГЕННАДИЙ', 'ПАВЛОВИЧ', 'e83517412590@mail.ru', '83517412590'),
('МУТИЛИНА', 'ЛЮБОВЬ', 'АНАТОЛЬЕВНА', 'e83517412591@mail.ru', '83517412591'),
('ГРИГОРЬЕВ', 'СЕРГЕЙ', 'НИКОЛАЕВИЧ', 'e83517412592@mail.ru', '83517412592'),
('ПЫЛАЕВА', 'ЛЮБОВЬ', 'ВЛАДИМИРОВНА', 'e83517412593@mail.ru', '83517412593'),
('ПЫЛАЕВ', 'ЛЕОНИД', 'ПАВЛОВИЧ', 'e83517412594@mail.ru', '83517412594'),
('ХАФИЗОВА', 'ЮЛИЯ', 'СЕРГЕЕВНА', 'e83517412595@mail.ru', '83517412595'),
('РУДКОВСКИЙ', 'МАКСИМ', 'АЛЕКСАНДРОВИЧ', 'e83517412596@mail.ru', '83517412596'),
('МИРОНОВА', 'АННА', 'МИХАЙЛОВНА', 'e83517412597@mail.ru', '83517412597'),
('РУДКОВСКАЯ', 'ОКСАНА', 'АЛЕКСАНДРОВНА', 'e83517412598@mail.ru', '83517412598'),
('РУДКОВСКАЯ', 'ВАЛЕНТИНА', 'ПЕТРОВНА', 'e83517412599@mail.ru', '83517412599'),
('РУДКОВСКАЯ', 'ВАЛЕРИЯ', 'МАКСИМОВНА', 'e83517412600@mail.ru', '83517412600'),
('РУДКОВСКАЯ', 'АРИНА', 'МАКСИМОВНА', 'e83517412601@mail.ru', '83517412601'),
('РУДКОВСКАЯ', 'ВАЛЕРИЯ', 'МАКСИМОВНА', 'e83517412602@mail.ru', '83517412602'),
('НЕРАДОВСКАЯ', 'ЗОЯ', 'ИЛЬИНИЧНА', 'e83517412603@mail.ru', '83517412603'),
('МЕДВЕДЕВ', 'ПАВЕЛ', 'АНДРЕЕВИЧ', 'e83517412604@mail.ru', '83517412604'),
('МЕДВЕДЕВ', 'АЛЕКСАНДР', 'АНДРЕЕВИЧ', 'e83517412605@mail.ru', '83517412605'),
('ЧИКУНОВА', 'АНФИСА', 'АЛЕКСАНДРОВНА', 'e83517412606@mail.ru', '83517412606'),
('РОДИН', 'АЛЕКСАНДР', 'МИХАЙЛОВИЧ', 'e83517412607@mail.ru', '83517412607'),
('АБДУЛИНА', 'СВЕТЛАНА', 'ОЛЕГОВНА', 'e83517412608@mail.ru', '83517412608'),
('СОЛОДКОВА', 'ЮЛЯ', 'ВЛАДИМИРОВНА', 'e83517412609@mail.ru', '83517412609'),
('КОРКИНА', 'ТАТЬЯНА', 'ТИХОНОВНА', 'e83517412610@mail.ru', '83517412610'),
('АСТАРОВА', 'ЛЮБОВЬ', 'МИХАЙЛОВНА', 'e83517412611@mail.ru', '83517412611'),
('ГРИНЬКО', 'СЕРГЕЙ', 'АЛЕКСЕЕВИЧ', 'e83517412612@mail.ru', '83517412612'),
('ГРИНЬКО', 'АРТЕМ', 'СЕРГЕЕВИЧ', 'e83517412613@mail.ru', '83517412613'),
('ГРИНЬКО', 'ОЛЕГ', 'СЕРГЕЕВИЧ', 'e83517412614@mail.ru', '83517412614'),
('ГРИНЬКО', 'ИРИНА', 'АЛЕКСАНДРОВНА', 'e83517412615@mail.ru', '83517412615'),
('НЕВЕРОВ', 'АНАТОЛИЙ', 'АЛЕКСАНДРОВИЧ', 'e83517412616@mail.ru', '83517412616'),
('ГИЛЬМАНОВА', 'ОЛЬГА', 'АЛЕКСАНДРОВНА', 'e83517412617@mail.ru', '83517412617'),
('ЯЧКИМЧИК', 'АНДРЕЙ', 'АНДРЕЕВИЧ', 'e83517412618@mail.ru', '83517412618'),
('БАВИН', 'ИГОРЬ', 'АЛЕКСАНДРОВИЧ', 'e83517412619@mail.ru', '83517412619'),
('СОМУЧЕВА', 'ВАЛЕНТИНА', 'НИКИТИЧНА', 'e83517412620@mail.ru', '83517412620'),
('ПОДКОПАЕВ', 'АЛЕКСЕЙ', 'НИКОЛАЕВИЧ', 'e83517412621@mail.ru', '83517412621'),
('ИВАНОВА', 'ЛЮДМИЛА', 'ГАВРИЛОВНА', 'e83517412622@mail.ru', '83517412622'),
('ВОЛКОПЯЛОВ', 'ДМИТРИЙ', 'НИКОЛАЕВИЧ', 'e83517412623@mail.ru', '83517412623'),
('РОМАНОВА', 'ВАСИЛИНА', 'ВИКТОРОВНА', 'e83517412624@mail.ru', '83517412624'),
('СОЗЫКИНА', 'КАБИРА', 'ХАСНУЛЛОВНА', 'e83517412625@mail.ru', '83517412625'),
('МАСЛЕННИКОВ', 'ВЯЧЕСЛАВ', 'МИХАЙЛОВИЧ', 'e83517412626@mail.ru', '83517412626'),
('НАСРЕТДИНОВ', 'РАВИЛЬ', 'ХУРМАТУЛЛАЕВИЧ', 'e83517412627@mail.ru', '83517412627'),
('ЭРЗЯЙКИНА', 'АНТОНИНА', 'ПАВЛОВНА', 'e83517412628@mail.ru', '83517412628'),
('ПОРТНЯГИНА', 'РИММА', 'НИКИТИЧНА', 'e83517412629@mail.ru', '83517412629'),
('ВОЛОШЕНКО', 'ЮЛИЯ', 'НИКОЛАЕВНА', 'e83517412631@mail.ru', '83517412631'),
('СУШКО', 'СТАНИСЛАВ', 'БОРИСОВИЧ', 'e83517412632@mail.ru', '83517412632'),
('КИРЖАЦКИЙ', 'ВЛАДИСЛАВ', 'АНДРЕЕВИЧ', 'e83517412633@mail.ru', '83517412633'),
('ЛАРИНА', 'НАТАЛЬЯ', 'ВЛАДИМИРОВНА', 'e83517412634@mail.ru', '83517412634'),
('КРЫЧУН', 'КСЕНИЯ', 'АЛЕКСАНДРОВНА', 'e83517412635@mail.ru', '83517412635'),
('ИГНАТЬЕВА', 'ТАТЬЯНА', 'АЛЕКСАНДРОВНА', 'e83517412636@mail.ru', '83517412636'),
('ГОРОНОСТАЕВ', 'ПАВЕЛ', 'ВЯЧЕСЛАВОВИЧ', 'e83517412637@mail.ru', '83517412637'),
('ВОЛЕЕВА', 'ТАТЬЯНА', 'ГАЙСОВНА', 'e83517412638@mail.ru', '83517412638'),
('СЕМЕНОВА', 'АЛИСА', 'САЛАВАТОВНА', 'e83517412639@mail.ru', '83517412639'),
('СЕМЕНОВ', 'ДМИТРИЙ', 'ЕВГЕНЬЕВИЧ', 'e83517412640@mail.ru', '83517412640'),
('ЕРЕЩИНА', 'ЕЛЕНА', 'АЛЕКСАНДРОВНА', 'e83517412641@mail.ru', '83517412641'),
('БАЕВ', 'ИЛЬЯ', 'ВАДИМОВИЧ', 'e83517412642@mail.ru', '83517412642'),
('БАЕВА', 'ЕВГЕНИЯ', 'ВЛАДИМИРОВНА', 'e83517412643@mail.ru', '83517412643'),
('КОБЫЛКО', 'ГАЛИНА', 'ФЕДОРОВНА', 'e83517412644@mail.ru', '83517412644'),
('СКОРОХОДОВА', 'ГАЛИНА', 'АНДРЕЕВНА', 'e83517412645@mail.ru', '83517412645'),
('МАРТЫНОВ', 'ВИКТОР', 'ПАВЛОВИЧ', 'e83517412646@mail.ru', '83517412646'),
('МАРТЫНОВА', 'ОЛЬГА', 'БОРИСОВНА', 'e83517412647@mail.ru', '83517412647'),
('ГАЛАЙБЕДА', 'ИРИНА', 'ВАЛЕНТИНОВНА', 'e83517412648@mail.ru', '83517412648'),
('ХАЛФИНА', 'АЛЬБИНА', 'АЛМАЗОВНА', 'e83517412649@mail.ru', '83517412649'),
('КОМАРОВ', 'ЕВГЕНИЙ', 'ВАЛЕРЬЕВИЧ', 'e83517412650@mail.ru', '83517412650'),
('МУРКАЕВА', 'СВЕЛАНА', 'АЛЕКСАНДРОВНА', 'e83517412651@mail.ru', '83517412651'),
('ДАУТОВА', 'АЛЬБИНА', 'ВАСИЛЬЕВНА', 'e83517412652@mail.ru', '83517412652'),
('ПЛАТКОВА', 'НИНА', 'АЛЕКСЕЕВНА', 'e83517412653@mail.ru', '83517412653'),
('ШЕСТАПОВА', 'АННА', 'ЮРЬЕВНА', 'e83517412654@mail.ru', '83517412654'),
('ГОЛЬДШТЕЙН', 'ЮРИЙ', 'ЯКОВЛЕВИЧ', 'e83517412655@mail.ru', '83517412655')
;

INSERT INTO profiles (user_id, birthday, gender, passport_series, passport_number, date_of_issue, issued,code) 
VALUES 
(1, '1972-06-14', 'жен', '75 11', '745834', '2000-03-01', ' УФМС РОССИИ ПО ЧЕЛЯБИНСКОЙ ОБЛАСТИ В ЗАРЕЧНОМ РАЙОНЕ Г.ЧЕЛЯБИНСКА', '740-099'),
(2, '1994-06-13', 'жен', '75 11', '745835', '2000-03-02', ' УФМС РОССИИ ПО ЧЕЛЯБИНСКОЙ ОБЛАСТИ В ЗАРЕЧНОМ РАЙОНЕ Г.ЧЕЛЯБИНСКА', '740-099'),
(3, '1961-08-16', 'жен', '75 11', '745836', '2000-03-03', ' УФМС РОССИИ ПО ЧЕЛЯБИНСКОЙ ОБЛАСТИ В ЗАРЕЧНОМ РАЙОНЕ Г.ЧЕЛЯБИНСКА', '740-100'),
(4, '1992-11-24', 'муж', '75 11', '745837', '2000-03-04', ' УФМС РОССИИ ПО ЧЕЛЯБИНСКОЙ ОБЛАСТИ В ЗАРЕЧНОМ РАЙОНЕ Г.ЧЕЛЯБИНСКА', '740-101'),
(5, '1961-04-13', 'жен', '75 11', '745838', '2000-03-05', ' УФМС РОССИИ ПО ЧЕЛЯБИНСКОЙ ОБЛАСТИ В ЗАРЕЧНОМ РАЙОНЕ Г.ЧЕЛЯБИНСКА', '740-102'),
(6, '1952-12-03', 'муж', '75 11', '745839', '2000-03-06', ' УФМС РОССИИ ПО ЧЕЛЯБИНСКОЙ ОБЛАСТИ В ЗАРЕЧНОМ РАЙОНЕ Г.ЧЕЛЯБИНСКА', '740-103'),
(7, '1993-09-03', 'жен', '75 11', '745840', '2000-03-07', ' УФМС РОССИИ ПО ЧЕЛЯБИНСКОЙ ОБЛАСТИ В ЗАРЕЧНОМ РАЙОНЕ Г.ЧЕЛЯБИНСКА', '740-104'),
(8, '1993-06-20', 'жен', '75 11', '745841', '2000-03-08', ' УФМС РОССИИ ПО ЧЕЛЯБИНСКОЙ ОБЛАСТИ В ЗАРЕЧНОМ РАЙОНЕ Г.ЧЕЛЯБИНСКА', '740-105'),
(9, '1971-12-07', 'жен', '75 11', '745842', '2000-03-09', ' УФМС РОССИИ ПО ЧЕЛЯБИНСКОЙ ОБЛАСТИ В ЗАРЕЧНОМ РАЙОНЕ Г.ЧЕЛЯБИНСКА', '740-106'),
(10, '1951-11-28', 'муж', '75 11', '745843', '2000-03-10', ' УФМС РОССИИ ПО ЧЕЛЯБИНСКОЙ ОБЛАСТИ В ЗАРЕЧНОМ РАЙОНЕ Г.ЧЕЛЯБИНСКА', '740-107'),
(11, '1958-10-04', 'жен', '75 11', '745844', '2000-03-11', ' УФМС РОССИИ ПО ЧЕЛЯБИНСКОЙ ОБЛАСТИ В ЗАРЕЧНОМ РАЙОНЕ Г.ЧЕЛЯБИНСКА', '740-108'),
(12, '1974-09-11', 'жен', '75 11', '745845', '2000-03-12', ' УФМС РОССИИ ПО ЧЕЛЯБИНСКОЙ ОБЛАСТИ В ЗАРЕЧНОМ РАЙОНЕ Г.ЧЕЛЯБИНСКА', '740-109'),
(13, '1990-10-23', 'жен', '75 11', '745846', '2000-03-13', ' УФМС РОССИИ ПО ЧЕЛЯБИНСКОЙ ОБЛАСТИ В ЗАРЕЧНОМ РАЙОНЕ Г.ЧЕЛЯБИНСКА', '740-110'),
(14, '1989-08-15', 'жен', '75 11', '745847', '2000-03-14', ' УФМС РОССИИ ПО ЧЕЛЯБИНСКОЙ ОБЛАСТИ В ЗАРЕЧНОМ РАЙОНЕ Г.ЧЕЛЯБИНСКА', '740-111'),
(15, '2000-10-21', 'муж', '75 11', '745848', '2000-03-15', ' УФМС РОССИИ ПО ЧЕЛЯБИНСКОЙ ОБЛАСТИ В ЗАРЕЧНОМ РАЙОНЕ Г.ЧЕЛЯБИНСКА', '740-112'),
(16, '1986-03-09', 'жен', '75 11', '745849', '2000-03-16', ' УФМС РОССИИ ПО ЧЕЛЯБИНСКОЙ ОБЛАСТИ В ЗАРЕЧНОМ РАЙОНЕ Г.ЧЕЛЯБИНСКА', '740-113'),
(17, '1986-01-22', 'муж', '75 11', '745850', '2000-03-17', ' УФМС РОССИИ ПО ЧЕЛЯБИНСКОЙ ОБЛАСТИ В ЗАРЕЧНОМ РАЙОНЕ Г.ЧЕЛЯБИНСКА', '740-114'),
(18, '1979-04-24', 'жен', '75 11', '745851', '2000-03-18', ' УФМС РОССИИ ПО ЧЕЛЯБИНСКОЙ ОБЛАСТИ В ЗАРЕЧНОМ РАЙОНЕ Г.ЧЕЛЯБИНСКА', '740-115'),
(19, '1968-09-29', 'муж', '75 11', '745852', '2000-03-19', ' УФМС РОССИИ ПО ЧЕЛЯБИНСКОЙ ОБЛАСТИ В ЗАРЕЧНОМ РАЙОНЕ Г.ЧЕЛЯБИНСКА', '740-116'),
(20, '1966-02-26', 'муж', '75 11', '745853', '2000-03-20', ' УФМС РОССИИ ПО ЧЕЛЯБИНСКОЙ ОБЛАСТИ В ЗАРЕЧНОМ РАЙОНЕ Г.ЧЕЛЯБИНСКА', '740-117'),
(21, '1983-03-14', 'жен', '75 11', '745854', '2000-03-21', ' УФМС РОССИИ ПО ЧЕЛЯБИНСКОЙ ОБЛАСТИ В ЗАРЕЧНОМ РАЙОНЕ Г.ЧЕЛЯБИНСКА', '740-118'),
(22, '1979-04-20', 'муж', '75 11', '745855', '2000-03-22', ' УФМС РОССИИ ПО ЧЕЛЯБИНСКОЙ ОБЛАСТИ В ЗАРЕЧНОМ РАЙОНЕ Г.ЧЕЛЯБИНСКА', '740-119'),
(23, '1951-12-22', 'муж', '75 11', '745856', '2000-03-23', ' УФМС РОССИИ ПО ЧЕЛЯБИНСКОЙ ОБЛАСТИ В ЗАРЕЧНОМ РАЙОНЕ Г.ЧЕЛЯБИНСКА', '740-120'),
(24, '1965-08-02', 'жен', '75 11', '745857', '2000-03-24', ' УФМС РОССИИ ПО ЧЕЛЯБИНСКОЙ ОБЛАСТИ В ЗАРЕЧНОМ РАЙОНЕ Г.ЧЕЛЯБИНСКА', '740-121'),
(25, '1954-03-10', 'жен', '75 11', '745858', '2000-03-25', ' УФМС РОССИИ ПО ЧЕЛЯБИНСКОЙ ОБЛАСТИ В ЗАРЕЧНОМ РАЙОНЕ Г.ЧЕЛЯБИНСКА', '740-122'),
(26, '1988-03-04', 'муж', '75 11', '745859', '2000-03-26', ' УФМС РОССИИ ПО ЧЕЛЯБИНСКОЙ ОБЛАСТИ В ЗАРЕЧНОМ РАЙОНЕ Г.ЧЕЛЯБИНСКА', '740-123'),
(27, '1983-05-11', 'жен', '75 11', '745860', '2000-03-27', ' УФМС РОССИИ ПО ЧЕЛЯБИНСКОЙ ОБЛАСТИ В ЗАРЕЧНОМ РАЙОНЕ Г.ЧЕЛЯБИНСКА', '740-124'),
(28, '1968-07-19', 'муж', '75 11', '745861', '2000-03-28', ' УФМС РОССИИ ПО ЧЕЛЯБИНСКОЙ ОБЛАСТИ В ЗАРЕЧНОМ РАЙОНЕ Г.ЧЕЛЯБИНСКА', '740-125'),
(29, '1987-01-15', 'жен', '75 11', '745862', '2000-03-29', ' УФМС РОССИИ ПО ЧЕЛЯБИНСКОЙ ОБЛАСТИ В ЗАРЕЧНОМ РАЙОНЕ Г.ЧЕЛЯБИНСКА', '740-126'),
(30, '1997-04-20', 'жен', '75 11', '745863', '2000-03-30', ' УФМС РОССИИ ПО ЧЕЛЯБИНСКОЙ ОБЛАСТИ В ЗАРЕЧНОМ РАЙОНЕ Г.ЧЕЛЯБИНСКА', '740-127'),
(31, '1964-04-08', 'муж', '75 11', '745864', '2000-03-31', ' УФМС РОССИИ ПО ЧЕЛЯБИНСКОЙ ОБЛАСТИ В ЗАРЕЧНОМ РАЙОНЕ Г.ЧЕЛЯБИНСКА', '740-128'),
(32, '1959-01-12', 'жен', '75 11', '745865', '2000-04-01', ' УФМС РОССИИ ПО ЧЕЛЯБИНСКОЙ ОБЛАСТИ В ЗАРЕЧНОМ РАЙОНЕ Г.ЧЕЛЯБИНСКА', '740-129'),
(33, '1964-09-18', 'жен', '75 11', '745866', '2000-04-02', ' УФМС РОССИИ ПО ЧЕЛЯБИНСКОЙ ОБЛАСТИ В ЗАРЕЧНОМ РАЙОНЕ Г.ЧЕЛЯБИНСКА', '740-130'),
(34, '1950-02-11', 'жен', '75 11', '745867', '2000-04-03', ' УФМС РОССИИ ПО ЧЕЛЯБИНСКОЙ ОБЛАСТИ В ЗАРЕЧНОМ РАЙОНЕ Г.ЧЕЛЯБИНСКА', '740-131'),
(35, '1963-08-26', 'жен', '75 11', '745868', '2000-04-04', ' УФМС РОССИИ ПО ЧЕЛЯБИНСКОЙ ОБЛАСТИ В ЗАРЕЧНОМ РАЙОНЕ Г.ЧЕЛЯБИНСКА', '740-132'),
(36, '1974-10-14', 'жен', '75 11', '745869', '2000-04-05', ' УФМС РОССИИ ПО ЧЕЛЯБИНСКОЙ ОБЛАСТИ В ЗАРЕЧНОМ РАЙОНЕ Г.ЧЕЛЯБИНСКА', '740-133'),
(37, '1967-01-13', 'муж', '75 11', '745870', '2000-04-06', ' УФМС РОССИИ ПО ЧЕЛЯБИНСКОЙ ОБЛАСТИ В ЗАРЕЧНОМ РАЙОНЕ Г.ЧЕЛЯБИНСКА', '740-134'),
(38, '1994-10-21', 'жен', '75 11', '745871', '2000-04-07', ' УФМС РОССИИ ПО ЧЕЛЯБИНСКОЙ ОБЛАСТИ В ЗАРЕЧНОМ РАЙОНЕ Г.ЧЕЛЯБИНСКА', '740-135'),
(39, '1962-11-03', 'жен', '75 11', '745872', '2000-04-08', ' УФМС РОССИИ ПО ЧЕЛЯБИНСКОЙ ОБЛАСТИ В ЗАРЕЧНОМ РАЙОНЕ Г.ЧЕЛЯБИНСКА', '740-136'),
(40, '1975-10-17', 'муж', '75 11', '745873', '2000-04-09', ' УФМС РОССИИ ПО ЧЕЛЯБИНСКОЙ ОБЛАСТИ В ЗАРЕЧНОМ РАЙОНЕ Г.ЧЕЛЯБИНСКА', '740-137'),
(41, '1970-05-26', 'муж', '75 11', '745874', '2000-04-10', ' УФМС РОССИИ ПО ЧЕЛЯБИНСКОЙ ОБЛАСТИ В ЗАРЕЧНОМ РАЙОНЕ Г.ЧЕЛЯБИНСКА', '740-138'),
(42, '1970-11-01', 'жен', '75 11', '745875', '2000-04-11', ' УФМС РОССИИ ПО ЧЕЛЯБИНСКОЙ ОБЛАСТИ В ЗАРЕЧНОМ РАЙОНЕ Г.ЧЕЛЯБИНСКА', '740-139'),
(43, '1985-04-11', 'муж', '75 11', '745876', '2000-04-12', ' УФМС РОССИИ ПО ЧЕЛЯБИНСКОЙ ОБЛАСТИ В ЗАРЕЧНОМ РАЙОНЕ Г.ЧЕЛЯБИНСКА', '740-140'),
(44, '1963-12-29', 'муж', '75 11', '745877', '2000-04-13', ' УФМС РОССИИ ПО ЧЕЛЯБИНСКОЙ ОБЛАСТИ В ЗАРЕЧНОМ РАЙОНЕ Г.ЧЕЛЯБИНСКА', '740-141'),
(45, '1991-09-01', 'жен', '75 11', '745878', '2000-04-14', ' УФМС РОССИИ ПО ЧЕЛЯБИНСКОЙ ОБЛАСТИ В ЗАРЕЧНОМ РАЙОНЕ Г.ЧЕЛЯБИНСКА', '740-142'),
(46, '1993-10-06', 'муж', '75 11', '745879', '2000-04-15', ' УФМС РОССИИ ПО ЧЕЛЯБИНСКОЙ ОБЛАСТИ В ЗАРЕЧНОМ РАЙОНЕ Г.ЧЕЛЯБИНСКА', '740-143'),
(47, '1973-05-28', 'жен', '75 11', '745880', '2000-04-16', ' УФМС РОССИИ ПО ЧЕЛЯБИНСКОЙ ОБЛАСТИ В ЗАРЕЧНОМ РАЙОНЕ Г.ЧЕЛЯБИНСКА', '740-144'),
(48, '1983-05-30', 'жен', '75 11', '745881', '2000-04-17', ' УФМС РОССИИ ПО ЧЕЛЯБИНСКОЙ ОБЛАСТИ В ЗАРЕЧНОМ РАЙОНЕ Г.ЧЕЛЯБИНСКА', '740-145'),
(49, '1995-02-13', 'муж', '75 11', '745882', '2000-04-18', ' УФМС РОССИИ ПО ЧЕЛЯБИНСКОЙ ОБЛАСТИ В ЗАРЕЧНОМ РАЙОНЕ Г.ЧЕЛЯБИНСКА', '740-146'),
(50, '1993-07-11', 'муж', '75 11', '745883', '2000-04-19', ' УФМС РОССИИ ПО ЧЕЛЯБИНСКОЙ ОБЛАСТИ В ЗАРЕЧНОМ РАЙОНЕ Г.ЧЕЛЯБИНСКА', '740-147'),
(51, '1989-03-18', 'муж', '75 11', '745884', '2000-04-20', ' УФМС РОССИИ ПО ЧЕЛЯБИНСКОЙ ОБЛАСТИ В ЗАРЕЧНОМ РАЙОНЕ Г.ЧЕЛЯБИНСКА', '740-148'),
(52, '1951-11-24', 'муж', '75 11', '745885', '2000-04-21', ' УФМС РОССИИ ПО ЧЕЛЯБИНСКОЙ ОБЛАСТИ В ЗАРЕЧНОМ РАЙОНЕ Г.ЧЕЛЯБИНСКА', '740-149'),
(53, '1991-07-16', 'муж', '75 11', '745886', '2000-04-22', ' УФМС РОССИИ ПО ЧЕЛЯБИНСКОЙ ОБЛАСТИ В ЗАРЕЧНОМ РАЙОНЕ Г.ЧЕЛЯБИНСКА', '740-150'),
(54, '1987-02-15', 'муж', '75 11', '745887', '2000-04-23', ' УФМС РОССИИ ПО ЧЕЛЯБИНСКОЙ ОБЛАСТИ В ЗАРЕЧНОМ РАЙОНЕ Г.ЧЕЛЯБИНСКА', '740-151'),
(55, '1961-12-30', 'жен', '75 11', '745888', '2000-04-24', ' УФМС РОССИИ ПО ЧЕЛЯБИНСКОЙ ОБЛАСТИ В ЗАРЕЧНОМ РАЙОНЕ Г.ЧЕЛЯБИНСКА', '740-152'),
(56, '1963-01-04', 'муж', '75 11', '745889', '2000-04-25', ' УФМС РОССИИ ПО ЧЕЛЯБИНСКОЙ ОБЛАСТИ В ЗАРЕЧНОМ РАЙОНЕ Г.ЧЕЛЯБИНСКА', '740-153'),
(57, '1961-09-19', 'муж', '75 11', '745890', '2000-04-26', ' УФМС РОССИИ ПО ЧЕЛЯБИНСКОЙ ОБЛАСТИ В ЗАРЕЧНОМ РАЙОНЕ Г.ЧЕЛЯБИНСКА', '740-154'),
(58, '1984-06-23', 'жен', '75 11', '745891', '2000-04-27', ' УФМС РОССИИ ПО ЧЕЛЯБИНСКОЙ ОБЛАСТИ В ЗАРЕЧНОМ РАЙОНЕ Г.ЧЕЛЯБИНСКА', '740-155'),
(59, '2000-05-11', 'муж', '75 11', '745892', '2000-04-28', ' УФМС РОССИИ ПО ЧЕЛЯБИНСКОЙ ОБЛАСТИ В ЗАРЕЧНОМ РАЙОНЕ Г.ЧЕЛЯБИНСКА', '740-156'),
(60, '1999-06-15', 'муж', '75 11', '745893', '2000-04-29', ' УФМС РОССИИ ПО ЧЕЛЯБИНСКОЙ ОБЛАСТИ В ЗАРЕЧНОМ РАЙОНЕ Г.ЧЕЛЯБИНСКА', '740-157'),
(61, '1989-12-24', 'жен', '75 11', '745894', '2000-04-30', ' УФМС РОССИИ ПО ЧЕЛЯБИНСКОЙ ОБЛАСТИ В ЗАРЕЧНОМ РАЙОНЕ Г.ЧЕЛЯБИНСКА', '740-158'),
(62, '1958-02-20', 'жен', '75 11', '745895', '2000-05-01', ' УФМС РОССИИ ПО ЧЕЛЯБИНСКОЙ ОБЛАСТИ В ЗАРЕЧНОМ РАЙОНЕ Г.ЧЕЛЯБИНСКА', '740-159'),
(63, '1959-01-30', 'жен', '75 11', '745896', '2000-05-02', ' УФМС РОССИИ ПО ЧЕЛЯБИНСКОЙ ОБЛАСТИ В ЗАРЕЧНОМ РАЙОНЕ Г.ЧЕЛЯБИНСКА', '740-160'),
(64, '1951-08-17', 'жен', '75 11', '745897', '2000-05-03', ' УФМС РОССИИ ПО ЧЕЛЯБИНСКОЙ ОБЛАСТИ В ЗАРЕЧНОМ РАЙОНЕ Г.ЧЕЛЯБИНСКА', '740-161'),
(65, '1953-12-04', 'муж', '75 11', '745898', '2000-05-04', ' УФМС РОССИИ ПО ЧЕЛЯБИНСКОЙ ОБЛАСТИ В ЗАРЕЧНОМ РАЙОНЕ Г.ЧЕЛЯБИНСКА', '740-162'),
(66, '1964-05-28', 'жен', '75 11', '745899', '2000-05-05', ' УФМС РОССИИ ПО ЧЕЛЯБИНСКОЙ ОБЛАСТИ В ЗАРЕЧНОМ РАЙОНЕ Г.ЧЕЛЯБИНСКА', '740-163'),
(67, '1993-08-27', 'муж', '75 11', '745900', '2000-05-06', ' УФМС РОССИИ ПО ЧЕЛЯБИНСКОЙ ОБЛАСТИ В ЗАРЕЧНОМ РАЙОНЕ Г.ЧЕЛЯБИНСКА', '740-164'),
(68, '1958-05-05', 'муж', '75 11', '745901', '2000-05-07', ' УФМС РОССИИ ПО ЧЕЛЯБИНСКОЙ ОБЛАСТИ В ЗАРЕЧНОМ РАЙОНЕ Г.ЧЕЛЯБИНСКА', '740-165'),
(69, '1963-04-27', 'жен', '75 11', '745902', '2000-05-08', ' УФМС РОССИИ ПО ЧЕЛЯБИНСКОЙ ОБЛАСТИ В ЗАРЕЧНОМ РАЙОНЕ Г.ЧЕЛЯБИНСКА', '740-166'),
(70, '1957-05-12', 'жен', '75 11', '745903', '2000-05-09', ' УФМС РОССИИ ПО ЧЕЛЯБИНСКОЙ ОБЛАСТИ В ЗАРЕЧНОМ РАЙОНЕ Г.ЧЕЛЯБИНСКА', '740-167'),
(71, '1990-02-28', 'жен', '75 11', '745904', '2000-05-10', ' УФМС РОССИИ ПО ЧЕЛЯБИНСКОЙ ОБЛАСТИ В ЗАРЕЧНОМ РАЙОНЕ Г.ЧЕЛЯБИНСКА', '740-168'),
(72, '1956-02-22', 'жен', '75 11', '745905', '2000-05-11', ' УФМС РОССИИ ПО ЧЕЛЯБИНСКОЙ ОБЛАСТИ В ЗАРЕЧНОМ РАЙОНЕ Г.ЧЕЛЯБИНСКА', '740-169'),
(73, '1988-10-09', 'муж', '75 11', '745906', '2000-05-12', ' УФМС РОССИИ ПО ЧЕЛЯБИНСКОЙ ОБЛАСТИ В ЗАРЕЧНОМ РАЙОНЕ Г.ЧЕЛЯБИНСКА', '740-170'),
(74, '1992-02-26', 'жен', '75 11', '745907', '2000-05-13', ' УФМС РОССИИ ПО ЧЕЛЯБИНСКОЙ ОБЛАСТИ В ЗАРЕЧНОМ РАЙОНЕ Г.ЧЕЛЯБИНСКА', '740-171'),
(75, '1955-02-11', 'муж', '75 11', '745908', '2000-05-14', ' УФМС РОССИИ ПО ЧЕЛЯБИНСКОЙ ОБЛАСТИ В ЗАРЕЧНОМ РАЙОНЕ Г.ЧЕЛЯБИНСКА', '740-172'),
(76, '1957-12-15', 'жен', '75 11', '745909', '2000-05-15', ' УФМС РОССИИ ПО ЧЕЛЯБИНСКОЙ ОБЛАСТИ В ЗАРЕЧНОМ РАЙОНЕ Г.ЧЕЛЯБИНСКА', '740-173'),
(77, '1956-06-17', 'жен', '75 11', '745910', '2000-05-16', ' УФМС РОССИИ ПО ЧЕЛЯБИНСКОЙ ОБЛАСТИ В ЗАРЕЧНОМ РАЙОНЕ Г.ЧЕЛЯБИНСКА', '740-174'),
(78, '1977-02-14', 'муж', '75 11', '745911', '2000-05-17', ' УФМС РОССИИ ПО ЧЕЛЯБИНСКОЙ ОБЛАСТИ В ЗАРЕЧНОМ РАЙОНЕ Г.ЧЕЛЯБИНСКА', '740-175'),
(79, '1984-01-05', 'муж', '75 11', '745912', '2000-05-18', ' УФМС РОССИИ ПО ЧЕЛЯБИНСКОЙ ОБЛАСТИ В ЗАРЕЧНОМ РАЙОНЕ Г.ЧЕЛЯБИНСКА', '740-176'),
(80, '1986-11-14', 'жен', '75 11', '745913', '2000-05-19', ' УФМС РОССИИ ПО ЧЕЛЯБИНСКОЙ ОБЛАСТИ В ЗАРЕЧНОМ РАЙОНЕ Г.ЧЕЛЯБИНСКА', '740-177'),
(81, '1957-02-16', 'муж', '75 11', '745914', '2000-05-20', ' УФМС РОССИИ ПО ЧЕЛЯБИНСКОЙ ОБЛАСТИ В ЗАРЕЧНОМ РАЙОНЕ Г.ЧЕЛЯБИНСКА', '740-178'),
(82, '1984-12-07', 'жен', '75 11', '745915', '2000-05-21', ' УФМС РОССИИ ПО ЧЕЛЯБИНСКОЙ ОБЛАСТИ В ЗАРЕЧНОМ РАЙОНЕ Г.ЧЕЛЯБИНСКА', '740-179'),
(83, '1963-07-17', 'жен', '75 11', '745916', '2000-05-22', ' УФМС РОССИИ ПО ЧЕЛЯБИНСКОЙ ОБЛАСТИ В ЗАРЕЧНОМ РАЙОНЕ Г.ЧЕЛЯБИНСКА', '740-180'),
(84, '1991-05-28', 'жен', '75 11', '745917', '2000-05-23', ' УФМС РОССИИ ПО ЧЕЛЯБИНСКОЙ ОБЛАСТИ В ЗАРЕЧНОМ РАЙОНЕ Г.ЧЕЛЯБИНСКА', '740-181'),
(85, '1997-07-20', 'жен', '75 11', '745918', '2000-05-24', ' УФМС РОССИИ ПО ЧЕЛЯБИНСКОЙ ОБЛАСТИ В ЗАРЕЧНОМ РАЙОНЕ Г.ЧЕЛЯБИНСКА', '740-182'),
(86, '1964-08-07', 'муж', '75 11', '745919', '2000-05-25', ' УФМС РОССИИ ПО ЧЕЛЯБИНСКОЙ ОБЛАСТИ В ЗАРЕЧНОМ РАЙОНЕ Г.ЧЕЛЯБИНСКА', '740-183'),
(87, '1977-09-13', 'жен', '75 11', '745920', '2000-05-26', ' УФМС РОССИИ ПО ЧЕЛЯБИНСКОЙ ОБЛАСТИ В ЗАРЕЧНОМ РАЙОНЕ Г.ЧЕЛЯБИНСКА', '740-184'),
(88, '1960-04-20', 'муж', '75 11', '745921', '2000-05-27', ' УФМС РОССИИ ПО ЧЕЛЯБИНСКОЙ ОБЛАСТИ В ЗАРЕЧНОМ РАЙОНЕ Г.ЧЕЛЯБИНСКА', '740-185'),
(89, '1994-01-11', 'муж', '75 11', '745922', '2000-05-28', ' УФМС РОССИИ ПО ЧЕЛЯБИНСКОЙ ОБЛАСТИ В ЗАРЕЧНОМ РАЙОНЕ Г.ЧЕЛЯБИНСКА', '740-186'),
(90, '1953-08-07', 'муж', '75 11', '745923', '2000-05-29', ' УФМС РОССИИ ПО ЧЕЛЯБИНСКОЙ ОБЛАСТИ В ЗАРЕЧНОМ РАЙОНЕ Г.ЧЕЛЯБИНСКА', '740-187'),
(91, '1992-09-26', 'жен', '75 11', '745924', '2000-05-30', ' УФМС РОССИИ ПО ЧЕЛЯБИНСКОЙ ОБЛАСТИ В ЗАРЕЧНОМ РАЙОНЕ Г.ЧЕЛЯБИНСКА', '740-188'),
(92, '1955-01-17', 'муж', '75 11', '745925', '2000-05-31', ' УФМС РОССИИ ПО ЧЕЛЯБИНСКОЙ ОБЛАСТИ В ЗАРЕЧНОМ РАЙОНЕ Г.ЧЕЛЯБИНСКА', '740-189'),
(93, '1966-06-09', 'жен', '75 11', '745926', '2000-06-01', ' УФМС РОССИИ ПО ЧЕЛЯБИНСКОЙ ОБЛАСТИ В ЗАРЕЧНОМ РАЙОНЕ Г.ЧЕЛЯБИНСКА', '740-190'),
(94, '1979-03-24', 'жен', '75 11', '745927', '2000-06-02', ' УФМС РОССИИ ПО ЧЕЛЯБИНСКОЙ ОБЛАСТИ В ЗАРЕЧНОМ РАЙОНЕ Г.ЧЕЛЯБИНСКА', '740-191'),
(95, '1953-05-15', 'жен', '75 11', '745928', '2000-06-03', ' УФМС РОССИИ ПО ЧЕЛЯБИНСКОЙ ОБЛАСТИ В ЗАРЕЧНОМ РАЙОНЕ Г.ЧЕЛЯБИНСКА', '740-192'),
(96, '1990-02-28', 'жен', '75 11', '745929', '2000-06-04', ' УФМС РОССИИ ПО ЧЕЛЯБИНСКОЙ ОБЛАСТИ В ЗАРЕЧНОМ РАЙОНЕ Г.ЧЕЛЯБИНСКА', '740-193'),
(97, '1982-02-22', 'муж', '75 11', '745930', '2000-06-05', ' УФМС РОССИИ ПО ЧЕЛЯБИНСКОЙ ОБЛАСТИ В ЗАРЕЧНОМ РАЙОНЕ Г.ЧЕЛЯБИНСКА', '740-194'),
(98, '1951-03-23', 'жен', '75 11', '745931', '2000-06-06', ' УФМС РОССИИ ПО ЧЕЛЯБИНСКОЙ ОБЛАСТИ В ЗАРЕЧНОМ РАЙОНЕ Г.ЧЕЛЯБИНСКА', '740-195'),
(99, '1989-07-20', 'муж', '75 11', '745932', '2000-06-07', ' УФМС РОССИИ ПО ЧЕЛЯБИНСКОЙ ОБЛАСТИ В ЗАРЕЧНОМ РАЙОНЕ Г.ЧЕЛЯБИНСКА', '740-196'),
(100, '1978-03-26', 'жен', '75 11', '745933', '2000-06-08', ' УФМС РОССИИ ПО ЧЕЛЯБИНСКОЙ ОБЛАСТИ В ЗАРЕЧНОМ РАЙОНЕ Г.ЧЕЛЯБИНСКА', '740-197'),
(101, '1959-06-16', 'жен', '75 11', '745934', '2000-06-09', ' УФМС РОССИИ ПО ЧЕЛЯБИНСКОЙ ОБЛАСТИ В ЗАРЕЧНОМ РАЙОНЕ Г.ЧЕЛЯБИНСКА', '740-198'),
(102, '1983-12-30', 'жен', '75 11', '745935', '2000-06-10', ' УФМС РОССИИ ПО ЧЕЛЯБИНСКОЙ ОБЛАСТИ В ЗАРЕЧНОМ РАЙОНЕ Г.ЧЕЛЯБИНСКА', '740-199'),
(103, '1990-07-08', 'муж', '75 11', '745936', '2000-06-11', ' УФМС РОССИИ ПО ЧЕЛЯБИНСКОЙ ОБЛАСТИ В ЗАРЕЧНОМ РАЙОНЕ Г.ЧЕЛЯБИНСКА', '740-200'),
(104, '1972-07-18', 'жен', '75 11', '745937', '2000-06-12', ' УФМС РОССИИ ПО ЧЕЛЯБИНСКОЙ ОБЛАСТИ В ЗАРЕЧНОМ РАЙОНЕ Г.ЧЕЛЯБИНСКА', '740-201'),
(105, '1961-07-04', 'жен', '75 11', '745938', '2000-06-13', ' УФМС РОССИИ ПО ЧЕЛЯБИНСКОЙ ОБЛАСТИ В ЗАРЕЧНОМ РАЙОНЕ Г.ЧЕЛЯБИНСКА', '740-202'),
(106, '1971-05-10', 'жен', '75 11', '745939', '2000-06-14', ' УФМС РОССИИ ПО ЧЕЛЯБИНСКОЙ ОБЛАСТИ В ЗАРЕЧНОМ РАЙОНЕ Г.ЧЕЛЯБИНСКА', '740-203'),
(107, '1952-12-29', 'жен', '75 11', '745940', '2000-06-15', ' УФМС РОССИИ ПО ЧЕЛЯБИНСКОЙ ОБЛАСТИ В ЗАРЕЧНОМ РАЙОНЕ Г.ЧЕЛЯБИНСКА', '740-204'),
(108, '1974-05-30', 'жен', '75 11', '745941', '2000-06-16', ' УФМС РОССИИ ПО ЧЕЛЯБИНСКОЙ ОБЛАСТИ В ЗАРЕЧНОМ РАЙОНЕ Г.ЧЕЛЯБИНСКА', '740-205'),
(109, '1957-08-03', 'жен', '75 11', '745942', '2000-06-17', ' УФМС РОССИИ ПО ЧЕЛЯБИНСКОЙ ОБЛАСТИ В ЗАРЕЧНОМ РАЙОНЕ Г.ЧЕЛЯБИНСКА', '740-206'),
(110, '1994-08-29', 'жен', '75 11', '745943', '2000-06-18', ' УФМС РОССИИ ПО ЧЕЛЯБИНСКОЙ ОБЛАСТИ В ЗАРЕЧНОМ РАЙОНЕ Г.ЧЕЛЯБИНСКА', '740-207'),
(111, '1957-01-05', 'жен', '75 11', '745944', '2000-06-19', ' УФМС РОССИИ ПО ЧЕЛЯБИНСКОЙ ОБЛАСТИ В ЗАРЕЧНОМ РАЙОНЕ Г.ЧЕЛЯБИНСКА', '740-208'),
(112, '1976-05-18', 'жен', '75 11', '745945', '2000-06-20', ' УФМС РОССИИ ПО ЧЕЛЯБИНСКОЙ ОБЛАСТИ В ЗАРЕЧНОМ РАЙОНЕ Г.ЧЕЛЯБИНСКА', '740-209'),
(113, '1951-02-17', 'жен', '75 11', '745946', '2000-06-21', ' УФМС РОССИИ ПО ЧЕЛЯБИНСКОЙ ОБЛАСТИ В ЗАРЕЧНОМ РАЙОНЕ Г.ЧЕЛЯБИНСКА', '740-210'),
(114, '1951-10-24', 'жен', '75 11', '745947', '2000-06-22', ' УФМС РОССИИ ПО ЧЕЛЯБИНСКОЙ ОБЛАСТИ В ЗАРЕЧНОМ РАЙОНЕ Г.ЧЕЛЯБИНСКА', '740-211'),
(115, '1999-05-05', 'жен', '75 11', '745948', '2000-06-23', ' УФМС РОССИИ ПО ЧЕЛЯБИНСКОЙ ОБЛАСТИ В ЗАРЕЧНОМ РАЙОНЕ Г.ЧЕЛЯБИНСКА', '740-212'),
(116, '1992-01-17', 'жен', '75 11', '745949', '2000-06-24', ' УФМС РОССИИ ПО ЧЕЛЯБИНСКОЙ ОБЛАСТИ В ЗАРЕЧНОМ РАЙОНЕ Г.ЧЕЛЯБИНСКА', '740-213'),
(117, '1953-05-01', 'жен', '75 11', '745950', '2000-06-25', ' УФМС РОССИИ ПО ЧЕЛЯБИНСКОЙ ОБЛАСТИ В ЗАРЕЧНОМ РАЙОНЕ Г.ЧЕЛЯБИНСКА', '740-214'),
(118, '1985-02-23', 'муж', '75 11', '745951', '2000-06-26', ' УФМС РОССИИ ПО ЧЕЛЯБИНСКОЙ ОБЛАСТИ В ЗАРЕЧНОМ РАЙОНЕ Г.ЧЕЛЯБИНСКА', '740-215'),
(119, '1975-02-13', 'жен', '75 11', '745952', '2000-06-27', ' УФМС РОССИИ ПО ЧЕЛЯБИНСКОЙ ОБЛАСТИ В ЗАРЕЧНОМ РАЙОНЕ Г.ЧЕЛЯБИНСКА', '740-216'),
(120, '1988-09-30', 'муж', '75 11', '745953', '2000-06-28', ' УФМС РОССИИ ПО ЧЕЛЯБИНСКОЙ ОБЛАСТИ В ЗАРЕЧНОМ РАЙОНЕ Г.ЧЕЛЯБИНСКА', '740-217'),
(121, '1976-08-02', 'жен', '75 11', '745954', '2000-06-29', ' УФМС РОССИИ ПО ЧЕЛЯБИНСКОЙ ОБЛАСТИ В ЗАРЕЧНОМ РАЙОНЕ Г.ЧЕЛЯБИНСКА', '740-218'),
(122, '1985-01-19', 'жен', '75 11', '745955', '2000-06-30', ' УФМС РОССИИ ПО ЧЕЛЯБИНСКОЙ ОБЛАСТИ В ЗАРЕЧНОМ РАЙОНЕ Г.ЧЕЛЯБИНСКА', '740-219'),
(123, '1987-06-16', 'жен', '75 11', '745956', '2000-07-01', ' УФМС РОССИИ ПО ЧЕЛЯБИНСКОЙ ОБЛАСТИ В ЗАРЕЧНОМ РАЙОНЕ Г.ЧЕЛЯБИНСКА', '740-220'),
(124, '1981-09-27', 'жен', '75 11', '745957', '2000-07-02', ' УФМС РОССИИ ПО ЧЕЛЯБИНСКОЙ ОБЛАСТИ В ЗАРЕЧНОМ РАЙОНЕ Г.ЧЕЛЯБИНСКА', '740-221'),
(125, '1988-07-15', 'жен', '75 11', '745958', '2000-07-03', ' УФМС РОССИИ ПО ЧЕЛЯБИНСКОЙ ОБЛАСТИ В ЗАРЕЧНОМ РАЙОНЕ Г.ЧЕЛЯБИНСКА', '740-222'),
(126, '1988-01-29', 'муж', '75 11', '745959', '2000-07-04', ' УФМС РОССИИ ПО ЧЕЛЯБИНСКОЙ ОБЛАСТИ В ЗАРЕЧНОМ РАЙОНЕ Г.ЧЕЛЯБИНСКА', '740-223'),
(127, '1950-06-22', 'жен', '75 11', '745960', '2000-07-05', ' УФМС РОССИИ ПО ЧЕЛЯБИНСКОЙ ОБЛАСТИ В ЗАРЕЧНОМ РАЙОНЕ Г.ЧЕЛЯБИНСКА', '740-224'),
(128, '1963-12-09', 'жен', '75 11', '745961', '2000-07-06', ' УФМС РОССИИ ПО ЧЕЛЯБИНСКОЙ ОБЛАСТИ В ЗАРЕЧНОМ РАЙОНЕ Г.ЧЕЛЯБИНСКА', '740-225'),
(129, '1971-02-04', 'муж', '75 11', '745962', '2000-07-07', ' УФМС РОССИИ ПО ЧЕЛЯБИНСКОЙ ОБЛАСТИ В ЗАРЕЧНОМ РАЙОНЕ Г.ЧЕЛЯБИНСКА', '740-226'),
(130, '1961-10-18', 'жен', '75 11', '745963', '2000-07-08', ' УФМС РОССИИ ПО ЧЕЛЯБИНСКОЙ ОБЛАСТИ В ЗАРЕЧНОМ РАЙОНЕ Г.ЧЕЛЯБИНСКА', '740-227'),
(131, '1969-03-29', 'муж', '75 11', '745964', '2000-07-09', ' УФМС РОССИИ ПО ЧЕЛЯБИНСКОЙ ОБЛАСТИ В ЗАРЕЧНОМ РАЙОНЕ Г.ЧЕЛЯБИНСКА', '740-228'),
(132, '1985-11-10', 'жен', '75 11', '745965', '2000-07-10', ' УФМС РОССИИ ПО ЧЕЛЯБИНСКОЙ ОБЛАСТИ В ЗАРЕЧНОМ РАЙОНЕ Г.ЧЕЛЯБИНСКА', '740-229'),
(133, '1961-06-18', 'муж', '75 11', '745966', '2000-07-11', ' УФМС РОССИИ ПО ЧЕЛЯБИНСКОЙ ОБЛАСТИ В ЗАРЕЧНОМ РАЙОНЕ Г.ЧЕЛЯБИНСКА', '740-230'),
(134, '1990-06-12', 'жен', '75 11', '745967', '2000-07-12', ' УФМС РОССИИ ПО ЧЕЛЯБИНСКОЙ ОБЛАСТИ В ЗАРЕЧНОМ РАЙОНЕ Г.ЧЕЛЯБИНСКА', '740-231'),
(135, '1982-03-19', 'жен', '75 11', '745968', '2000-07-13', ' УФМС РОССИИ ПО ЧЕЛЯБИНСКОЙ ОБЛАСТИ В ЗАРЕЧНОМ РАЙОНЕ Г.ЧЕЛЯБИНСКА', '740-232'),
(136, '1967-08-12', 'жен', '75 11', '745969', '2000-07-14', ' УФМС РОССИИ ПО ЧЕЛЯБИНСКОЙ ОБЛАСТИ В ЗАРЕЧНОМ РАЙОНЕ Г.ЧЕЛЯБИНСКА', '740-233'),
(137, '1980-03-13', 'жен', '75 11', '745970', '2000-07-15', ' УФМС РОССИИ ПО ЧЕЛЯБИНСКОЙ ОБЛАСТИ В ЗАРЕЧНОМ РАЙОНЕ Г.ЧЕЛЯБИНСКА', '740-234'),
(138, '1975-07-18', 'жен', '75 11', '745971', '2000-07-16', ' УФМС РОССИИ ПО ЧЕЛЯБИНСКОЙ ОБЛАСТИ В ЗАРЕЧНОМ РАЙОНЕ Г.ЧЕЛЯБИНСКА', '740-235'),
(139, '1970-01-01', 'жен', '75 11', '745972', '2000-07-17', ' УФМС РОССИИ ПО ЧЕЛЯБИНСКОЙ ОБЛАСТИ В ЗАРЕЧНОМ РАЙОНЕ Г.ЧЕЛЯБИНСКА', '740-236'),
(140, '1950-02-03', 'жен', '75 11', '745973', '2000-07-18', ' УФМС РОССИИ ПО ЧЕЛЯБИНСКОЙ ОБЛАСТИ В ЗАРЕЧНОМ РАЙОНЕ Г.ЧЕЛЯБИНСКА', '740-237'),
(141, '1976-06-12', 'жен', '75 11', '745974', '2000-07-19', ' УФМС РОССИИ ПО ЧЕЛЯБИНСКОЙ ОБЛАСТИ В ЗАРЕЧНОМ РАЙОНЕ Г.ЧЕЛЯБИНСКА', '740-238'),
(142, '1960-01-10', 'муж', '75 11', '745975', '2000-07-20', ' УФМС РОССИИ ПО ЧЕЛЯБИНСКОЙ ОБЛАСТИ В ЗАРЕЧНОМ РАЙОНЕ Г.ЧЕЛЯБИНСКА', '740-239'),
(143, '2000-03-06', 'жен', '75 11', '745976', '2000-07-21', ' УФМС РОССИИ ПО ЧЕЛЯБИНСКОЙ ОБЛАСТИ В ЗАРЕЧНОМ РАЙОНЕ Г.ЧЕЛЯБИНСКА', '740-240'),
(144, '1971-12-14', 'жен', '75 11', '745977', '2000-07-22', ' УФМС РОССИИ ПО ЧЕЛЯБИНСКОЙ ОБЛАСТИ В ЗАРЕЧНОМ РАЙОНЕ Г.ЧЕЛЯБИНСКА', '740-241'),
(145, '1988-03-20', 'жен', '75 11', '745978', '2000-07-23', ' УФМС РОССИИ ПО ЧЕЛЯБИНСКОЙ ОБЛАСТИ В ЗАРЕЧНОМ РАЙОНЕ Г.ЧЕЛЯБИНСКА', '740-242'),
(146, '1968-03-04', 'жен', '75 11', '745979', '2000-07-24', ' УФМС РОССИИ ПО ЧЕЛЯБИНСКОЙ ОБЛАСТИ В ЗАРЕЧНОМ РАЙОНЕ Г.ЧЕЛЯБИНСКА', '740-243'),
(147, '1997-09-07', 'жен', '75 11', '745980', '2000-07-25', ' УФМС РОССИИ ПО ЧЕЛЯБИНСКОЙ ОБЛАСТИ В ЗАРЕЧНОМ РАЙОНЕ Г.ЧЕЛЯБИНСКА', '740-244'),
(148, '1991-03-25', 'жен', '75 11', '745981', '2000-07-26', ' УФМС РОССИИ ПО ЧЕЛЯБИНСКОЙ ОБЛАСТИ В ЗАРЕЧНОМ РАЙОНЕ Г.ЧЕЛЯБИНСКА', '740-245'),
(149, '1963-08-23', 'жен', '75 11', '745982', '2000-07-27', ' УФМС РОССИИ ПО ЧЕЛЯБИНСКОЙ ОБЛАСТИ В ЗАРЕЧНОМ РАЙОНЕ Г.ЧЕЛЯБИНСКА', '740-246'),
(150, '1987-04-20', 'муж', '75 11', '745983', '2000-07-28', ' УФМС РОССИИ ПО ЧЕЛЯБИНСКОЙ ОБЛАСТИ В ЗАРЕЧНОМ РАЙОНЕ Г.ЧЕЛЯБИНСКА', '740-247'),
(151, '1958-11-29', 'жен', '75 11', '745984', '2000-07-29', ' УФМС РОССИИ ПО ЧЕЛЯБИНСКОЙ ОБЛАСТИ В ЗАРЕЧНОМ РАЙОНЕ Г.ЧЕЛЯБИНСКА', '740-248'),
(152, '1973-06-10', 'муж', '75 11', '745985', '2000-07-30', ' УФМС РОССИИ ПО ЧЕЛЯБИНСКОЙ ОБЛАСТИ В ЗАРЕЧНОМ РАЙОНЕ Г.ЧЕЛЯБИНСКА', '740-249'),
(153, '1982-04-17', 'жен', '75 11', '745986', '2000-07-31', ' УФМС РОССИИ ПО ЧЕЛЯБИНСКОЙ ОБЛАСТИ В ЗАРЕЧНОМ РАЙОНЕ Г.ЧЕЛЯБИНСКА', '740-250'),
(154, '1965-03-13', 'муж', '75 11', '745987', '2000-08-01', ' УФМС РОССИИ ПО ЧЕЛЯБИНСКОЙ ОБЛАСТИ В ЗАРЕЧНОМ РАЙОНЕ Г.ЧЕЛЯБИНСКА', '740-251'),
(155, '1963-04-26', 'жен', '75 11', '745988', '2000-08-02', ' УФМС РОССИИ ПО ЧЕЛЯБИНСКОЙ ОБЛАСТИ В ЗАРЕЧНОМ РАЙОНЕ Г.ЧЕЛЯБИНСКА', '740-252'),
(156, '1954-01-23', 'жен', '75 11', '745989', '2000-08-03', ' УФМС РОССИИ ПО ЧЕЛЯБИНСКОЙ ОБЛАСТИ В ЗАРЕЧНОМ РАЙОНЕ Г.ЧЕЛЯБИНСКА', '740-253'),
(157, '1987-02-05', 'муж', '75 11', '745990', '2000-08-04', ' УФМС РОССИИ ПО ЧЕЛЯБИНСКОЙ ОБЛАСТИ В ЗАРЕЧНОМ РАЙОНЕ Г.ЧЕЛЯБИНСКА', '740-254'),
(158, '1963-03-13', 'жен', '75 11', '745991', '2000-08-05', ' УФМС РОССИИ ПО ЧЕЛЯБИНСКОЙ ОБЛАСТИ В ЗАРЕЧНОМ РАЙОНЕ Г.ЧЕЛЯБИНСКА', '740-255'),
(159, '1999-01-11', 'жен', '75 11', '745992', '2000-08-06', ' УФМС РОССИИ ПО ЧЕЛЯБИНСКОЙ ОБЛАСТИ В ЗАРЕЧНОМ РАЙОНЕ Г.ЧЕЛЯБИНСКА', '740-256'),
(160, '1984-09-20', 'жен', '75 11', '745993', '2000-08-07', ' УФМС РОССИИ ПО ЧЕЛЯБИНСКОЙ ОБЛАСТИ В ЗАРЕЧНОМ РАЙОНЕ Г.ЧЕЛЯБИНСКА', '740-257'),
(161, '1967-07-23', 'жен', '75 11', '745994', '2000-08-08', ' УФМС РОССИИ ПО ЧЕЛЯБИНСКОЙ ОБЛАСТИ В ЗАРЕЧНОМ РАЙОНЕ Г.ЧЕЛЯБИНСКА', '740-258'),
(162, '1967-10-14', 'жен', '75 11', '745995', '2000-08-09', ' УФМС РОССИИ ПО ЧЕЛЯБИНСКОЙ ОБЛАСТИ В ЗАРЕЧНОМ РАЙОНЕ Г.ЧЕЛЯБИНСКА', '740-259'),
(163, '1963-10-25', 'муж', '75 11', '745996', '2000-08-10', ' УФМС РОССИИ ПО ЧЕЛЯБИНСКОЙ ОБЛАСТИ В ЗАРЕЧНОМ РАЙОНЕ Г.ЧЕЛЯБИНСКА', '740-260'),
(164, '1978-01-23', 'жен', '75 11', '745997', '2000-08-11', ' УФМС РОССИИ ПО ЧЕЛЯБИНСКОЙ ОБЛАСТИ В ЗАРЕЧНОМ РАЙОНЕ Г.ЧЕЛЯБИНСКА', '740-261'),
(165, '1989-04-07', 'жен', '75 11', '745998', '2000-08-12', ' УФМС РОССИИ ПО ЧЕЛЯБИНСКОЙ ОБЛАСТИ В ЗАРЕЧНОМ РАЙОНЕ Г.ЧЕЛЯБИНСКА', '740-262'),
(166, '1996-11-10', 'муж', '75 11', '745999', '2000-08-13', ' УФМС РОССИИ ПО ЧЕЛЯБИНСКОЙ ОБЛАСТИ В ЗАРЕЧНОМ РАЙОНЕ Г.ЧЕЛЯБИНСКА', '740-263'),
(167, '1950-07-09', 'жен', '75 11', '746000', '2000-08-14', ' УФМС РОССИИ ПО ЧЕЛЯБИНСКОЙ ОБЛАСТИ В ЗАРЕЧНОМ РАЙОНЕ Г.ЧЕЛЯБИНСКА', '740-264'),
(168, '1974-03-16', 'жен', '75 11', '746001', '2000-08-15', ' УФМС РОССИИ ПО ЧЕЛЯБИНСКОЙ ОБЛАСТИ В ЗАРЕЧНОМ РАЙОНЕ Г.ЧЕЛЯБИНСКА', '740-265'),
(169, '1962-12-15', 'жен', '75 11', '746002', '2000-08-16', ' УФМС РОССИИ ПО ЧЕЛЯБИНСКОЙ ОБЛАСТИ В ЗАРЕЧНОМ РАЙОНЕ Г.ЧЕЛЯБИНСКА', '740-266'),
(170, '1955-08-21', 'муж', '75 11', '746003', '2000-08-17', ' УФМС РОССИИ ПО ЧЕЛЯБИНСКОЙ ОБЛАСТИ В ЗАРЕЧНОМ РАЙОНЕ Г.ЧЕЛЯБИНСКА', '740-267'),
(171, '1962-02-14', 'жен', '75 11', '746004', '2000-08-18', ' УФМС РОССИИ ПО ЧЕЛЯБИНСКОЙ ОБЛАСТИ В ЗАРЕЧНОМ РАЙОНЕ Г.ЧЕЛЯБИНСКА', '740-268'),
(172, '1979-07-26', 'муж', '75 11', '746005', '2000-08-19', ' УФМС РОССИИ ПО ЧЕЛЯБИНСКОЙ ОБЛАСТИ В ЗАРЕЧНОМ РАЙОНЕ Г.ЧЕЛЯБИНСКА', '740-269'),
(173, '1995-12-04', 'жен', '75 11', '746006', '2000-08-20', ' УФМС РОССИИ ПО ЧЕЛЯБИНСКОЙ ОБЛАСТИ В ЗАРЕЧНОМ РАЙОНЕ Г.ЧЕЛЯБИНСКА', '740-270'),
(174, '1970-10-29', 'жен', '75 11', '746007', '2000-08-21', ' УФМС РОССИИ ПО ЧЕЛЯБИНСКОЙ ОБЛАСТИ В ЗАРЕЧНОМ РАЙОНЕ Г.ЧЕЛЯБИНСКА', '740-271'),
(175, '1995-04-08', 'жен', '75 11', '746008', '2000-08-22', ' УФМС РОССИИ ПО ЧЕЛЯБИНСКОЙ ОБЛАСТИ В ЗАРЕЧНОМ РАЙОНЕ Г.ЧЕЛЯБИНСКА', '740-272'),
(176, '1999-05-11', 'жен', '75 11', '746009', '2000-08-23', ' УФМС РОССИИ ПО ЧЕЛЯБИНСКОЙ ОБЛАСТИ В ЗАРЕЧНОМ РАЙОНЕ Г.ЧЕЛЯБИНСКА', '740-273'),
(177, '1969-03-18', 'жен', '75 11', '746010', '2000-08-24', ' УФМС РОССИИ ПО ЧЕЛЯБИНСКОЙ ОБЛАСТИ В ЗАРЕЧНОМ РАЙОНЕ Г.ЧЕЛЯБИНСКА', '740-274'),
(178, '1979-08-03', 'муж', '75 11', '746011', '2000-08-25', ' УФМС РОССИИ ПО ЧЕЛЯБИНСКОЙ ОБЛАСТИ В ЗАРЕЧНОМ РАЙОНЕ Г.ЧЕЛЯБИНСКА', '740-275'),
(179, '1958-10-27', 'жен', '75 11', '746012', '2000-08-26', ' УФМС РОССИИ ПО ЧЕЛЯБИНСКОЙ ОБЛАСТИ В ЗАРЕЧНОМ РАЙОНЕ Г.ЧЕЛЯБИНСКА', '740-276'),
(180, '1954-01-04', 'жен', '75 11', '746013', '2000-08-27', ' УФМС РОССИИ ПО ЧЕЛЯБИНСКОЙ ОБЛАСТИ В ЗАРЕЧНОМ РАЙОНЕ Г.ЧЕЛЯБИНСКА', '740-277'),
(181, '1969-09-22', 'жен', '75 11', '746014', '2000-08-28', ' УФМС РОССИИ ПО ЧЕЛЯБИНСКОЙ ОБЛАСТИ В ЗАРЕЧНОМ РАЙОНЕ Г.ЧЕЛЯБИНСКА', '740-278'),
(182, '1990-01-10', 'жен', '75 11', '746015', '2000-08-29', ' УФМС РОССИИ ПО ЧЕЛЯБИНСКОЙ ОБЛАСТИ В ЗАРЕЧНОМ РАЙОНЕ Г.ЧЕЛЯБИНСКА', '740-279'),
(183, '1959-11-14', 'жен', '75 11', '746016', '2000-08-30', ' УФМС РОССИИ ПО ЧЕЛЯБИНСКОЙ ОБЛАСТИ В ЗАРЕЧНОМ РАЙОНЕ Г.ЧЕЛЯБИНСКА', '740-280'),
(184, '1978-05-01', 'муж', '75 11', '746017', '2000-08-31', ' УФМС РОССИИ ПО ЧЕЛЯБИНСКОЙ ОБЛАСТИ В ЗАРЕЧНОМ РАЙОНЕ Г.ЧЕЛЯБИНСКА', '740-281'),
(185, '1961-06-25', 'жен', '75 11', '746018', '2000-09-01', ' УФМС РОССИИ ПО ЧЕЛЯБИНСКОЙ ОБЛАСТИ В ЗАРЕЧНОМ РАЙОНЕ Г.ЧЕЛЯБИНСКА', '740-282'),
(186, '1956-09-18', 'жен', '75 11', '746019', '2000-09-02', ' УФМС РОССИИ ПО ЧЕЛЯБИНСКОЙ ОБЛАСТИ В ЗАРЕЧНОМ РАЙОНЕ Г.ЧЕЛЯБИНСКА', '740-283'),
(187, '1979-03-14', 'жен', '75 11', '746020', '2000-09-03', ' УФМС РОССИИ ПО ЧЕЛЯБИНСКОЙ ОБЛАСТИ В ЗАРЕЧНОМ РАЙОНЕ Г.ЧЕЛЯБИНСКА', '740-284'),
(188, '1961-11-14', 'жен', '75 11', '746021', '2000-09-04', ' УФМС РОССИИ ПО ЧЕЛЯБИНСКОЙ ОБЛАСТИ В ЗАРЕЧНОМ РАЙОНЕ Г.ЧЕЛЯБИНСКА', '740-285'),
(189, '1963-06-16', 'жен', '75 11', '746022', '2000-09-05', ' УФМС РОССИИ ПО ЧЕЛЯБИНСКОЙ ОБЛАСТИ В ЗАРЕЧНОМ РАЙОНЕ Г.ЧЕЛЯБИНСКА', '740-286'),
(190, '1989-05-22', 'жен', '75 11', '746023', '2000-09-06', ' УФМС РОССИИ ПО ЧЕЛЯБИНСКОЙ ОБЛАСТИ В ЗАРЕЧНОМ РАЙОНЕ Г.ЧЕЛЯБИНСКА', '740-287'),
(191, '1979-08-28', 'жен', '75 11', '746024', '2000-09-07', ' УФМС РОССИИ ПО ЧЕЛЯБИНСКОЙ ОБЛАСТИ В ЗАРЕЧНОМ РАЙОНЕ Г.ЧЕЛЯБИНСКА', '740-288'),
(192, '1965-10-22', 'жен', '75 11', '746025', '2000-09-08', ' УФМС РОССИИ ПО ЧЕЛЯБИНСКОЙ ОБЛАСТИ В ЗАРЕЧНОМ РАЙОНЕ Г.ЧЕЛЯБИНСКА', '740-289'),
(193, '1993-08-09', 'муж', '75 11', '746026', '2000-09-09', ' УФМС РОССИИ ПО ЧЕЛЯБИНСКОЙ ОБЛАСТИ В ЗАРЕЧНОМ РАЙОНЕ Г.ЧЕЛЯБИНСКА', '740-290'),
(194, '1960-06-19', 'жен', '75 11', '746027', '2000-09-10', ' УФМС РОССИИ ПО ЧЕЛЯБИНСКОЙ ОБЛАСТИ В ЗАРЕЧНОМ РАЙОНЕ Г.ЧЕЛЯБИНСКА', '740-291'),
(195, '1992-05-03', 'муж', '75 11', '746028', '2000-09-11', ' УФМС РОССИИ ПО ЧЕЛЯБИНСКОЙ ОБЛАСТИ В ЗАРЕЧНОМ РАЙОНЕ Г.ЧЕЛЯБИНСКА', '740-292'),
(196, '1958-03-11', 'жен', '75 11', '746029', '2000-09-12', ' УФМС РОССИИ ПО ЧЕЛЯБИНСКОЙ ОБЛАСТИ В ЗАРЕЧНОМ РАЙОНЕ Г.ЧЕЛЯБИНСКА', '740-293'),
(197, '1993-01-01', 'жен', '75 11', '746030', '2000-09-13', ' УФМС РОССИИ ПО ЧЕЛЯБИНСКОЙ ОБЛАСТИ В ЗАРЕЧНОМ РАЙОНЕ Г.ЧЕЛЯБИНСКА', '740-294'),
(198, '1954-07-21', 'жен', '75 11', '746031', '2000-09-14', ' УФМС РОССИИ ПО ЧЕЛЯБИНСКОЙ ОБЛАСТИ В ЗАРЕЧНОМ РАЙОНЕ Г.ЧЕЛЯБИНСКА', '740-295'),
(199, '1989-08-12', 'жен', '75 11', '746032', '2000-09-15', ' УФМС РОССИИ ПО ЧЕЛЯБИНСКОЙ ОБЛАСТИ В ЗАРЕЧНОМ РАЙОНЕ Г.ЧЕЛЯБИНСКА', '740-296'),
(200, '1959-01-06', 'муж', '75 11', '746033', '2000-09-16', ' УФМС РОССИИ ПО ЧЕЛЯБИНСКОЙ ОБЛАСТИ В ЗАРЕЧНОМ РАЙОНЕ Г.ЧЕЛЯБИНСКА', '740-297'),
(201, '1974-04-25', 'жен', '75 11', '746034', '2000-09-17', ' УФМС РОССИИ ПО ЧЕЛЯБИНСКОЙ ОБЛАСТИ В ЗАРЕЧНОМ РАЙОНЕ Г.ЧЕЛЯБИНСКА', '740-298'),
(202, '1979-04-13', 'жен', '75 11', '746035', '2000-09-18', ' УФМС РОССИИ ПО ЧЕЛЯБИНСКОЙ ОБЛАСТИ В ЗАРЕЧНОМ РАЙОНЕ Г.ЧЕЛЯБИНСКА', '740-299'),
(203, '1966-02-03', 'жен', '75 11', '746036', '2000-09-19', ' УФМС РОССИИ ПО ЧЕЛЯБИНСКОЙ ОБЛАСТИ В ЗАРЕЧНОМ РАЙОНЕ Г.ЧЕЛЯБИНСКА', '740-300'),
(204, '1954-10-23', 'жен', '75 11', '746037', '2000-09-20', ' УФМС РОССИИ ПО ЧЕЛЯБИНСКОЙ ОБЛАСТИ В ЗАРЕЧНОМ РАЙОНЕ Г.ЧЕЛЯБИНСКА', '740-301'),
(205, '1970-04-13', 'муж', '75 11', '746038', '2000-09-21', ' УФМС РОССИИ ПО ЧЕЛЯБИНСКОЙ ОБЛАСТИ В ЗАРЕЧНОМ РАЙОНЕ Г.ЧЕЛЯБИНСКА', '740-302'),
(206, '1981-04-29', 'муж', '75 11', '746039', '2000-09-22', ' УФМС РОССИИ ПО ЧЕЛЯБИНСКОЙ ОБЛАСТИ В ЗАРЕЧНОМ РАЙОНЕ Г.ЧЕЛЯБИНСКА', '740-303'),
(207, '1990-04-02', 'муж', '75 11', '746040', '2000-09-23', ' УФМС РОССИИ ПО ЧЕЛЯБИНСКОЙ ОБЛАСТИ В ЗАРЕЧНОМ РАЙОНЕ Г.ЧЕЛЯБИНСКА', '740-304'),
(208, '1976-09-12', 'муж', '75 11', '746041', '2000-09-24', ' УФМС РОССИИ ПО ЧЕЛЯБИНСКОЙ ОБЛАСТИ В ЗАРЕЧНОМ РАЙОНЕ Г.ЧЕЛЯБИНСКА', '740-305'),
(209, '1996-04-13', 'муж', '75 11', '746042', '2000-09-25', ' УФМС РОССИИ ПО ЧЕЛЯБИНСКОЙ ОБЛАСТИ В ЗАРЕЧНОМ РАЙОНЕ Г.ЧЕЛЯБИНСКА', '740-306'),
(210, '1982-03-17', 'муж', '75 11', '746043', '2000-09-26', ' УФМС РОССИИ ПО ЧЕЛЯБИНСКОЙ ОБЛАСТИ В ЗАРЕЧНОМ РАЙОНЕ Г.ЧЕЛЯБИНСКА', '740-307'),
(211, '1968-07-18', 'муж', '75 11', '746044', '2000-09-27', ' УФМС РОССИИ ПО ЧЕЛЯБИНСКОЙ ОБЛАСТИ В ЗАРЕЧНОМ РАЙОНЕ Г.ЧЕЛЯБИНСКА', '740-308'),
(212, '1972-10-06', 'жен', '75 11', '746045', '2000-09-28', ' УФМС РОССИИ ПО ЧЕЛЯБИНСКОЙ ОБЛАСТИ В ЗАРЕЧНОМ РАЙОНЕ Г.ЧЕЛЯБИНСКА', '740-309'),
(213, '1976-02-18', 'жен', '75 11', '746046', '2000-09-29', ' УФМС РОССИИ ПО ЧЕЛЯБИНСКОЙ ОБЛАСТИ В ЗАРЕЧНОМ РАЙОНЕ Г.ЧЕЛЯБИНСКА', '740-310'),
(214, '1982-12-27', 'жен', '75 11', '746047', '2000-09-30', ' УФМС РОССИИ ПО ЧЕЛЯБИНСКОЙ ОБЛАСТИ В ЗАРЕЧНОМ РАЙОНЕ Г.ЧЕЛЯБИНСКА', '740-311'),
(215, '1952-11-12', 'жен', '75 11', '746048', '2000-10-01', ' УФМС РОССИИ ПО ЧЕЛЯБИНСКОЙ ОБЛАСТИ В ЗАРЕЧНОМ РАЙОНЕ Г.ЧЕЛЯБИНСКА', '740-312'),
(216, '1982-10-09', 'жен', '75 11', '746049', '2000-10-02', ' УФМС РОССИИ ПО ЧЕЛЯБИНСКОЙ ОБЛАСТИ В ЗАРЕЧНОМ РАЙОНЕ Г.ЧЕЛЯБИНСКА', '740-313'),
(217, '1955-10-22', 'жен', '75 11', '746050', '2000-10-03', ' УФМС РОССИИ ПО ЧЕЛЯБИНСКОЙ ОБЛАСТИ В ЗАРЕЧНОМ РАЙОНЕ Г.ЧЕЛЯБИНСКА', '740-314'),
(218, '1956-05-08', 'жен', '75 11', '746051', '2000-10-04', ' УФМС РОССИИ ПО ЧЕЛЯБИНСКОЙ ОБЛАСТИ В ЗАРЕЧНОМ РАЙОНЕ Г.ЧЕЛЯБИНСКА', '740-315'),
(219, '1987-07-29', 'жен', '75 11', '746052', '2000-10-05', ' УФМС РОССИИ ПО ЧЕЛЯБИНСКОЙ ОБЛАСТИ В ЗАРЕЧНОМ РАЙОНЕ Г.ЧЕЛЯБИНСКА', '740-316'),
(220, '1961-04-29', 'жен', '75 11', '746053', '2000-10-06', ' УФМС РОССИИ ПО ЧЕЛЯБИНСКОЙ ОБЛАСТИ В ЗАРЕЧНОМ РАЙОНЕ Г.ЧЕЛЯБИНСКА', '740-317'),
(221, '1998-07-10', 'муж', '75 11', '746054', '2000-10-07', ' УФМС РОССИИ ПО ЧЕЛЯБИНСКОЙ ОБЛАСТИ В ЗАРЕЧНОМ РАЙОНЕ Г.ЧЕЛЯБИНСКА', '740-318'),
(222, '1953-02-17', 'муж', '75 11', '746055', '2000-10-08', ' УФМС РОССИИ ПО ЧЕЛЯБИНСКОЙ ОБЛАСТИ В ЗАРЕЧНОМ РАЙОНЕ Г.ЧЕЛЯБИНСКА', '740-319'),
(223, '1977-10-21', 'жен', '75 11', '746056', '2000-10-09', ' УФМС РОССИИ ПО ЧЕЛЯБИНСКОЙ ОБЛАСТИ В ЗАРЕЧНОМ РАЙОНЕ Г.ЧЕЛЯБИНСКА', '740-320'),
(224, '1950-07-26', 'жен', '75 11', '746057', '2000-10-10', ' УФМС РОССИИ ПО ЧЕЛЯБИНСКОЙ ОБЛАСТИ В ЗАРЕЧНОМ РАЙОНЕ Г.ЧЕЛЯБИНСКА', '740-321'),
(225, '1962-03-04', 'жен', '75 11', '746058', '2000-10-11', ' УФМС РОССИИ ПО ЧЕЛЯБИНСКОЙ ОБЛАСТИ В ЗАРЕЧНОМ РАЙОНЕ Г.ЧЕЛЯБИНСКА', '740-322'),
(226, '1985-09-03', 'жен', '75 11', '746059', '2000-10-12', ' УФМС РОССИИ ПО ЧЕЛЯБИНСКОЙ ОБЛАСТИ В ЗАРЕЧНОМ РАЙОНЕ Г.ЧЕЛЯБИНСКА', '740-323'),
(227, '1955-06-22', 'жен', '75 11', '746060', '2000-10-13', ' УФМС РОССИИ ПО ЧЕЛЯБИНСКОЙ ОБЛАСТИ В ЗАРЕЧНОМ РАЙОНЕ Г.ЧЕЛЯБИНСКА', '740-324'),
(228, '1995-05-16', 'жен', '75 11', '746061', '2000-10-14', ' УФМС РОССИИ ПО ЧЕЛЯБИНСКОЙ ОБЛАСТИ В ЗАРЕЧНОМ РАЙОНЕ Г.ЧЕЛЯБИНСКА', '740-325'),
(229, '1976-07-01', 'муж', '75 11', '746062', '2000-10-15', ' УФМС РОССИИ ПО ЧЕЛЯБИНСКОЙ ОБЛАСТИ В ЗАРЕЧНОМ РАЙОНЕ Г.ЧЕЛЯБИНСКА', '740-326'),
(230, '1969-03-24', 'жен', '75 11', '746063', '2000-10-16', ' УФМС РОССИИ ПО ЧЕЛЯБИНСКОЙ ОБЛАСТИ В ЗАРЕЧНОМ РАЙОНЕ Г.ЧЕЛЯБИНСКА', '740-327'),
(231, '1995-02-08', 'муж', '75 11', '746064', '2000-10-17', ' УФМС РОССИИ ПО ЧЕЛЯБИНСКОЙ ОБЛАСТИ В ЗАРЕЧНОМ РАЙОНЕ Г.ЧЕЛЯБИНСКА', '740-328'),
(232, '1969-10-18', 'жен', '75 11', '746065', '2000-10-18', ' УФМС РОССИИ ПО ЧЕЛЯБИНСКОЙ ОБЛАСТИ В ЗАРЕЧНОМ РАЙОНЕ Г.ЧЕЛЯБИНСКА', '740-329'),
(233, '1985-08-25', 'муж', '75 11', '746066', '2000-10-19', ' УФМС РОССИИ ПО ЧЕЛЯБИНСКОЙ ОБЛАСТИ В ЗАРЕЧНОМ РАЙОНЕ Г.ЧЕЛЯБИНСКА', '740-330'),
(234, '1971-03-04', 'жен', '75 11', '746067', '2000-10-20', ' УФМС РОССИИ ПО ЧЕЛЯБИНСКОЙ ОБЛАСТИ В ЗАРЕЧНОМ РАЙОНЕ Г.ЧЕЛЯБИНСКА', '740-331'),
(235, '1965-08-10', 'муж', '75 11', '746068', '2000-10-21', ' УФМС РОССИИ ПО ЧЕЛЯБИНСКОЙ ОБЛАСТИ В ЗАРЕЧНОМ РАЙОНЕ Г.ЧЕЛЯБИНСКА', '740-332'),
(236, '1992-09-13', 'жен', '75 11', '746069', '2000-10-22', ' УФМС РОССИИ ПО ЧЕЛЯБИНСКОЙ ОБЛАСТИ В ЗАРЕЧНОМ РАЙОНЕ Г.ЧЕЛЯБИНСКА', '740-333'),
(237, '1980-07-25', 'жен', '75 11', '746070', '2000-10-23', ' УФМС РОССИИ ПО ЧЕЛЯБИНСКОЙ ОБЛАСТИ В ЗАРЕЧНОМ РАЙОНЕ Г.ЧЕЛЯБИНСКА', '740-334'),
(238, '1973-01-04', 'жен', '75 11', '746071', '2000-10-24', ' УФМС РОССИИ ПО ЧЕЛЯБИНСКОЙ ОБЛАСТИ В ЗАРЕЧНОМ РАЙОНЕ Г.ЧЕЛЯБИНСКА', '740-335'),
(239, '1955-05-24', 'жен', '75 11', '746072', '2000-10-25', ' УФМС РОССИИ ПО ЧЕЛЯБИНСКОЙ ОБЛАСТИ В ЗАРЕЧНОМ РАЙОНЕ Г.ЧЕЛЯБИНСКА', '740-336'),
(240, '1954-02-11', 'жен', '75 11', '746073', '2000-10-26', ' УФМС РОССИИ ПО ЧЕЛЯБИНСКОЙ ОБЛАСТИ В ЗАРЕЧНОМ РАЙОНЕ Г.ЧЕЛЯБИНСКА', '740-337'),
(241, '1976-12-08', 'жен', '75 11', '746074', '2000-10-27', ' УФМС РОССИИ ПО ЧЕЛЯБИНСКОЙ ОБЛАСТИ В ЗАРЕЧНОМ РАЙОНЕ Г.ЧЕЛЯБИНСКА', '740-338'),
(242, '1995-04-28', 'жен', '75 11', '746075', '2000-10-28', ' УФМС РОССИИ ПО ЧЕЛЯБИНСКОЙ ОБЛАСТИ В ЗАРЕЧНОМ РАЙОНЕ Г.ЧЕЛЯБИНСКА', '740-339'),
(243, '1970-05-24', 'муж', '75 11', '746076', '2000-10-29', ' УФМС РОССИИ ПО ЧЕЛЯБИНСКОЙ ОБЛАСТИ В ЗАРЕЧНОМ РАЙОНЕ Г.ЧЕЛЯБИНСКА', '740-340'),
(244, '1950-10-09', 'муж', '75 11', '746077', '2000-10-30', ' УФМС РОССИИ ПО ЧЕЛЯБИНСКОЙ ОБЛАСТИ В ЗАРЕЧНОМ РАЙОНЕ Г.ЧЕЛЯБИНСКА', '740-341'),
(245, '1951-05-19', 'жен', '75 11', '746078', '2000-10-31', ' УФМС РОССИИ ПО ЧЕЛЯБИНСКОЙ ОБЛАСТИ В ЗАРЕЧНОМ РАЙОНЕ Г.ЧЕЛЯБИНСКА', '740-342'),
(246, '1976-02-14', 'муж', '75 11', '746079', '2000-11-01', ' УФМС РОССИИ ПО ЧЕЛЯБИНСКОЙ ОБЛАСТИ В ЗАРЕЧНОМ РАЙОНЕ Г.ЧЕЛЯБИНСКА', '740-343'),
(247, '1982-08-12', 'жен', '75 11', '746080', '2000-11-02', ' УФМС РОССИИ ПО ЧЕЛЯБИНСКОЙ ОБЛАСТИ В ЗАРЕЧНОМ РАЙОНЕ Г.ЧЕЛЯБИНСКА', '740-344'),
(248, '1958-04-01', 'жен', '75 11', '746081', '2000-11-03', ' УФМС РОССИИ ПО ЧЕЛЯБИНСКОЙ ОБЛАСТИ В ЗАРЕЧНОМ РАЙОНЕ Г.ЧЕЛЯБИНСКА', '740-345'),
(249, '1993-02-19', 'жен', '75 11', '746082', '2000-11-04', ' УФМС РОССИИ ПО ЧЕЛЯБИНСКОЙ ОБЛАСТИ В ЗАРЕЧНОМ РАЙОНЕ Г.ЧЕЛЯБИНСКА', '740-346'),
(250, '1959-03-11', 'жен', '75 11', '746083', '2000-11-05', ' УФМС РОССИИ ПО ЧЕЛЯБИНСКОЙ ОБЛАСТИ В ЗАРЕЧНОМ РАЙОНЕ Г.ЧЕЛЯБИНСКА', '740-347'),
(251, '1984-05-05', 'муж', '75 11', '746084', '2000-11-06', ' УФМС РОССИИ ПО ЧЕЛЯБИНСКОЙ ОБЛАСТИ В ЗАРЕЧНОМ РАЙОНЕ Г.ЧЕЛЯБИНСКА', '740-348'),
(252, '1995-06-09', 'муж', '75 11', '746085', '2000-11-07', ' УФМС РОССИИ ПО ЧЕЛЯБИНСКОЙ ОБЛАСТИ В ЗАРЕЧНОМ РАЙОНЕ Г.ЧЕЛЯБИНСКА', '740-349'),
(253, '1999-09-20', 'муж', '75 11', '746086', '2000-11-08', ' УФМС РОССИИ ПО ЧЕЛЯБИНСКОЙ ОБЛАСТИ В ЗАРЕЧНОМ РАЙОНЕ Г.ЧЕЛЯБИНСКА', '740-350'),
(254, '1958-03-25', 'жен', '75 11', '746087', '2000-11-09', ' УФМС РОССИИ ПО ЧЕЛЯБИНСКОЙ ОБЛАСТИ В ЗАРЕЧНОМ РАЙОНЕ Г.ЧЕЛЯБИНСКА', '740-351'),
(255, '1962-11-26', 'муж', '75 11', '746088', '2000-11-10', ' УФМС РОССИИ ПО ЧЕЛЯБИНСКОЙ ОБЛАСТИ В ЗАРЕЧНОМ РАЙОНЕ Г.ЧЕЛЯБИНСКА', '740-352'),
(256, '1966-07-04', 'жен', '75 11', '746089', '2000-11-11', ' УФМС РОССИИ ПО ЧЕЛЯБИНСКОЙ ОБЛАСТИ В ЗАРЕЧНОМ РАЙОНЕ Г.ЧЕЛЯБИНСКА', '740-353'),
(257, '1973-05-25', 'муж', '75 11', '746090', '2000-11-12', ' УФМС РОССИИ ПО ЧЕЛЯБИНСКОЙ ОБЛАСТИ В ЗАРЕЧНОМ РАЙОНЕ Г.ЧЕЛЯБИНСКА', '740-354'),
(258, '1952-08-13', 'муж', '75 11', '746091', '2000-11-13', ' УФМС РОССИИ ПО ЧЕЛЯБИНСКОЙ ОБЛАСТИ В ЗАРЕЧНОМ РАЙОНЕ Г.ЧЕЛЯБИНСКА', '740-355'),
(259, '1986-07-29', 'жен', '75 11', '746092', '2000-11-14', ' УФМС РОССИИ ПО ЧЕЛЯБИНСКОЙ ОБЛАСТИ В ЗАРЕЧНОМ РАЙОНЕ Г.ЧЕЛЯБИНСКА', '740-356'),
(260, '1968-09-03', 'муж', '75 11', '746093', '2000-11-15', ' УФМС РОССИИ ПО ЧЕЛЯБИНСКОЙ ОБЛАСТИ В ЗАРЕЧНОМ РАЙОНЕ Г.ЧЕЛЯБИНСКА', '740-357'),
(261, '1988-01-25', 'жен', '75 11', '746094', '2000-11-16', ' УФМС РОССИИ ПО ЧЕЛЯБИНСКОЙ ОБЛАСТИ В ЗАРЕЧНОМ РАЙОНЕ Г.ЧЕЛЯБИНСКА', '740-358'),
(262, '1987-12-26', 'муж', '75 11', '746095', '2000-11-17', ' УФМС РОССИИ ПО ЧЕЛЯБИНСКОЙ ОБЛАСТИ В ЗАРЕЧНОМ РАЙОНЕ Г.ЧЕЛЯБИНСКА', '740-359'),
(263, '1967-04-15', 'жен', '75 11', '746096', '2000-11-18', ' УФМС РОССИИ ПО ЧЕЛЯБИНСКОЙ ОБЛАСТИ В ЗАРЕЧНОМ РАЙОНЕ Г.ЧЕЛЯБИНСКА', '740-360'),
(264, '1998-11-05', 'жен', '75 11', '746097', '2000-11-19', ' УФМС РОССИИ ПО ЧЕЛЯБИНСКОЙ ОБЛАСТИ В ЗАРЕЧНОМ РАЙОНЕ Г.ЧЕЛЯБИНСКА', '740-361'),
(265, '1992-09-25', 'муж', '75 11', '746098', '2000-11-20', ' УФМС РОССИИ ПО ЧЕЛЯБИНСКОЙ ОБЛАСТИ В ЗАРЕЧНОМ РАЙОНЕ Г.ЧЕЛЯБИНСКА', '740-362'),
(266, '1990-03-21', 'муж', '75 11', '746099', '2000-11-21', ' УФМС РОССИИ ПО ЧЕЛЯБИНСКОЙ ОБЛАСТИ В ЗАРЕЧНОМ РАЙОНЕ Г.ЧЕЛЯБИНСКА', '740-363'),
(267, '1986-11-27', 'жен', '75 11', '746100', '2000-11-22', ' УФМС РОССИИ ПО ЧЕЛЯБИНСКОЙ ОБЛАСТИ В ЗАРЕЧНОМ РАЙОНЕ Г.ЧЕЛЯБИНСКА', '740-364'),
(268, '1971-04-26', 'жен', '75 11', '746101', '2000-11-23', ' УФМС РОССИИ ПО ЧЕЛЯБИНСКОЙ ОБЛАСТИ В ЗАРЕЧНОМ РАЙОНЕ Г.ЧЕЛЯБИНСКА', '740-365'),
(269, '1997-11-06', 'жен', '75 11', '746102', '2000-11-24', ' УФМС РОССИИ ПО ЧЕЛЯБИНСКОЙ ОБЛАСТИ В ЗАРЕЧНОМ РАЙОНЕ Г.ЧЕЛЯБИНСКА', '740-366'),
(270, '1995-04-12', 'муж', '75 11', '746103', '2000-11-25', ' УФМС РОССИИ ПО ЧЕЛЯБИНСКОЙ ОБЛАСТИ В ЗАРЕЧНОМ РАЙОНЕ Г.ЧЕЛЯБИНСКА', '740-367'),
(271, '1967-03-23', 'муж', '75 11', '746104', '2000-11-26', ' УФМС РОССИИ ПО ЧЕЛЯБИНСКОЙ ОБЛАСТИ В ЗАРЕЧНОМ РАЙОНЕ Г.ЧЕЛЯБИНСКА', '740-368'),
(272, '1961-04-28', 'жен', '75 11', '746105', '2000-11-27', ' УФМС РОССИИ ПО ЧЕЛЯБИНСКОЙ ОБЛАСТИ В ЗАРЕЧНОМ РАЙОНЕ Г.ЧЕЛЯБИНСКА', '740-369'),
(273, '2000-12-15', 'жен', '75 11', '746106', '2000-11-28', ' УФМС РОССИИ ПО ЧЕЛЯБИНСКОЙ ОБЛАСТИ В ЗАРЕЧНОМ РАЙОНЕ Г.ЧЕЛЯБИНСКА', '740-370'),
(274, '1980-08-25', 'жен', '75 11', '746107', '2000-11-29', ' УФМС РОССИИ ПО ЧЕЛЯБИНСКОЙ ОБЛАСТИ В ЗАРЕЧНОМ РАЙОНЕ Г.ЧЕЛЯБИНСКА', '740-371'),
(275, '1957-09-14', 'муж', '75 11', '746108', '2000-11-30', ' УФМС РОССИИ ПО ЧЕЛЯБИНСКОЙ ОБЛАСТИ В ЗАРЕЧНОМ РАЙОНЕ Г.ЧЕЛЯБИНСКА', '740-372'),
(276, '1951-10-03', 'жен', '75 11', '746109', '2000-12-01', ' УФМС РОССИИ ПО ЧЕЛЯБИНСКОЙ ОБЛАСТИ В ЗАРЕЧНОМ РАЙОНЕ Г.ЧЕЛЯБИНСКА', '740-373'),
(277, '1997-01-14', 'жен', '75 11', '746110', '2000-12-02', ' УФМС РОССИИ ПО ЧЕЛЯБИНСКОЙ ОБЛАСТИ В ЗАРЕЧНОМ РАЙОНЕ Г.ЧЕЛЯБИНСКА', '740-374'),
(278, '1981-07-26', 'муж', '75 11', '746111', '2000-12-03', ' УФМС РОССИИ ПО ЧЕЛЯБИНСКОЙ ОБЛАСТИ В ЗАРЕЧНОМ РАЙОНЕ Г.ЧЕЛЯБИНСКА', '740-375'),
(279, '1985-05-02', 'жен', '75 11', '746112', '2000-12-04', ' УФМС РОССИИ ПО ЧЕЛЯБИНСКОЙ ОБЛАСТИ В ЗАРЕЧНОМ РАЙОНЕ Г.ЧЕЛЯБИНСКА', '740-376'),
(280, '1976-05-17', 'муж', '75 11', '746113', '2000-12-05', ' УФМС РОССИИ ПО ЧЕЛЯБИНСКОЙ ОБЛАСТИ В ЗАРЕЧНОМ РАЙОНЕ Г.ЧЕЛЯБИНСКА', '740-377'),
(281, '1991-09-18', 'жен', '75 11', '746114', '2000-12-06', ' УФМС РОССИИ ПО ЧЕЛЯБИНСКОЙ ОБЛАСТИ В ЗАРЕЧНОМ РАЙОНЕ Г.ЧЕЛЯБИНСКА', '740-378'),
(282, '1991-11-26', 'жен', '75 11', '746115', '2000-12-07', ' УФМС РОССИИ ПО ЧЕЛЯБИНСКОЙ ОБЛАСТИ В ЗАРЕЧНОМ РАЙОНЕ Г.ЧЕЛЯБИНСКА', '740-379'),
(283, '1972-01-11', 'жен', '75 11', '746116', '2000-12-08', ' УФМС РОССИИ ПО ЧЕЛЯБИНСКОЙ ОБЛАСТИ В ЗАРЕЧНОМ РАЙОНЕ Г.ЧЕЛЯБИНСКА', '740-380'),
(284, '1971-03-28', 'муж', '75 11', '746117', '2000-12-09', ' УФМС РОССИИ ПО ЧЕЛЯБИНСКОЙ ОБЛАСТИ В ЗАРЕЧНОМ РАЙОНЕ Г.ЧЕЛЯБИНСКА', '740-381'),
(285, '1981-02-12', 'жен', '75 11', '746118', '2000-12-10', ' УФМС РОССИИ ПО ЧЕЛЯБИНСКОЙ ОБЛАСТИ В ЗАРЕЧНОМ РАЙОНЕ Г.ЧЕЛЯБИНСКА', '740-382'),
(286, '1994-07-23', 'жен', '75 11', '746119', '2000-12-11', ' УФМС РОССИИ ПО ЧЕЛЯБИНСКОЙ ОБЛАСТИ В ЗАРЕЧНОМ РАЙОНЕ Г.ЧЕЛЯБИНСКА', '740-383'),
(287, '1966-06-14', 'жен', '75 11', '746120', '2000-12-12', ' УФМС РОССИИ ПО ЧЕЛЯБИНСКОЙ ОБЛАСТИ В ЗАРЕЧНОМ РАЙОНЕ Г.ЧЕЛЯБИНСКА', '740-384'),
(288, '1962-04-23', 'муж', '75 11', '746121', '2000-12-13', ' УФМС РОССИИ ПО ЧЕЛЯБИНСКОЙ ОБЛАСТИ В ЗАРЕЧНОМ РАЙОНЕ Г.ЧЕЛЯБИНСКА', '740-385'),
(289, '1977-10-19', 'жен', '75 11', '746122', '2000-12-14', ' УФМС РОССИИ ПО ЧЕЛЯБИНСКОЙ ОБЛАСТИ В ЗАРЕЧНОМ РАЙОНЕ Г.ЧЕЛЯБИНСКА', '740-386'),
(290, '1961-06-01', 'жен', '75 11', '746123', '2000-12-15', ' УФМС РОССИИ ПО ЧЕЛЯБИНСКОЙ ОБЛАСТИ В ЗАРЕЧНОМ РАЙОНЕ Г.ЧЕЛЯБИНСКА', '740-387'),
(291, '1995-12-14', 'жен', '75 11', '746124', '2000-12-16', ' УФМС РОССИИ ПО ЧЕЛЯБИНСКОЙ ОБЛАСТИ В ЗАРЕЧНОМ РАЙОНЕ Г.ЧЕЛЯБИНСКА', '740-388'),
(292, '1981-03-05', 'жен', '75 11', '746125', '2000-12-17', ' УФМС РОССИИ ПО ЧЕЛЯБИНСКОЙ ОБЛАСТИ В ЗАРЕЧНОМ РАЙОНЕ Г.ЧЕЛЯБИНСКА', '740-389'),
(293, '1993-01-24', 'муж', '75 11', '746126', '2000-12-18', ' УФМС РОССИИ ПО ЧЕЛЯБИНСКОЙ ОБЛАСТИ В ЗАРЕЧНОМ РАЙОНЕ Г.ЧЕЛЯБИНСКА', '740-390')

;

INSERT INTO regions (code_reg, region) VALUES 
(22, 'Алтайский край'),
(28, 'Амурская область'),
(29, 'Архангельская область'),
(30, 'Астраханская область'),
(31, 'Белгородская область'),
(32, 'Брянская область'),
(33, 'Владимирская область'),
(34, 'Волгоградская область'),
(35, 'Вологодская область'),
(36, 'Воронежская область'),
(77, 'г. Москва'),
(79, 'Еврейская автономная область'),
(75, 'Забайкальский край'),
(37, 'Ивановская область'),
(99, 'Иные территории, включая город и космодром Байконур'),
(38, 'Иркутская область'),
(07, 'Кабардино-Балкарская Республика'),
(39, 'Калининградская область'),
(40, 'Калужская область'),
(41, 'Камчатский край'),
(09, 'Карачаево-Черкесская Республика'),
(42, 'Кемеровская область'),
(43, 'Кировская область'),
(44, 'Костромская область'),
(23, 'Краснодарский край'),
(24, 'Красноярский край'),
(45, 'Курганская область'),
(46, 'Курская область'),
(47, 'Ленинградская область'),
(48, 'Липецкая область'),
(49, 'Магаданская область'),
(50, 'Московская область'),
(51, 'Мурманская область'),
(83, 'Ненецкий автономный округ'),
(52, 'Нижегородская область'),
(53, 'Новгородская область'),
(54, 'Новосибирская область'),
(55, 'Омская область'),
(56, 'Оренбургская область'),
(57, 'Орловская область'),
(58, 'Пензенская область'),
(59, 'Пермский край'),
(25, 'Приморский край'),
(60, 'Псковская область'),
(01, 'Республика Адыгея (Адыгея)'),
(04, 'Республика Алтай'),
(02, 'Республика Башкортостан'),
(03, 'Республика Бурятия'),
(05, 'Республика Дагестан'),
(06, 'Республика Ингушетия'),
(08, 'Республика Калмыкия'),
(10, 'Республика Карелия'),
(11, 'Республика Коми'),
(91, 'Республика Крым'),
(12, 'Республика Марий Эл'),
(13, 'Республика Мордовия'),
(14, 'Республика Саха (Якутия)'),
(15, 'Республика Северная Осетия - Алания'),
(16, 'Республика Татарстан (Татарстан)'),
(17, 'Республика Тыва'),
(19, 'Республика Хакасия'),
(61, 'Ростовская область'),
(62, 'Рязанская область'),
(63, 'Самарская область'),
(78, 'Санкт-Петербург'),
(64, 'Саратовская область'),
(65, 'Сахалинская область'),
(66, 'Свердловская область'),
(92, 'Севастополь'),
(67, 'Смоленская область'),
(26, 'Ставропольский край'),
(68, 'Тамбовская область'),
(69, 'Тверская область'),
(70, 'Томская область'),
(71, 'Тульская область'),
(72, 'Тюменская область'),
(18, 'Удмуртская Республика'),
(73, 'Ульяновская область'),
(27, 'Хабаровский край'),
(86, 'Ханты-Мансийский автономный округ - Югра'),
(74, 'Челябинская область'),
(20, 'Чеченская Республика'),
(21, 'Чувашская Республика - Чувашия'),
(87, 'Чукотский автономный округ'),
(89, 'Ямало-Ненецкий автономный округ'),
(76, 'Ярославская область)')
;

INSERT INTO citys (city, code_region) 
VALUES 
('Челябинск', '74'),
('Магнитогорск', '74'),
('Златоуст', '74'),
('Миасс', '74'),
('Копейск', '74'),
('Озёрск', '74'),
('Троицк', '74'),
('Снежинск', '74'),
('Сатка', '74'),
('Чебаркуль', '74'),
('Южноуральск', '74'),
('Кыштым', '74'),
('Коркино', '74'),
('Трёхгорный', '74'),
('Аша', '74'),
('Карталы', '74'),
('Еманжелинск', '74'),
('Верхний Уфалей', '74'),
('Усть-Катав', '74'),
('Бакал', '74'),
('Пласт', '74'),
('Куса', '74'),
('Касли', '74'),
('Катав-Ивановск', '74'),
('Сим', '74'),
('Нязепетровск', '74'),
('Юрюзань', '74'),
('Карабаш', '74'),
('Верхнеуральск', '74'),
('Миньяр', '74'),
('Екатеринбург', '66'),
('Алапаевск', '66'),
('Арамиль', '66'),
('Артёмовский', '66'),
('Асбест', '66'),
('Берёзовский', '66'),
('Богданович', '66'),
('Верхний Тагил', '66'),
('Верхняя Пышма', '66'),
('Верхняя Салда', '66'),
('Верхняя Тура', '66'),
('Верхотурье', '66'),
('Волчанск', '66'),
('Дегтярск', '66'),
('Заречный', '66'),
('Ивдель', '66'),
('Ирбит', '66'),
('Каменск-Уральский', '66'),
('Камышлов', '66'),
('Карпинск', '66'),
('Качканар', '66'),
('Кировград', '66'),
('Краснотурьинск', '66'),
('Красноуральск', '66'),
('Красноуфимск', '66'),
('Кушва', '66'),
('Лесной', '66'),
('Михайловск', '66'),
('Невьянск', '66'),
('Нижние Серги', '66'),
('Нижний Тагил', '66'),
('Нижняя Салда', '66'),
('Нижняя Тура', '66'),
('Новая Ляля', '66'),
('Новоуральск', '66'),
('Первоуральск', '66'),
('Полевской', '66'),
('Ревда', '66'),
('Реж', '66'),
('Североуральск', '66'),
('Серов', '66'),
('Среднеуральск', '66'),
('Сухой Лог', '66'),
('Сысерть', '66'),
('Тавда', '66'),
('Талица', '66'),
('Туринск', '66'),
('Апрелевка', '50'),
('Балашиха', '50'),
('Белоозёрский', '50'),
('Бронницы', '50'),
('Верея', '50'),
('Видное', '50'),
('Волоколамск', '50'),
('Воскресенск', '50'),
('Высоковск', '50'),
('Голицыно', '50'),
('Дедовск', '50'),
('Дзержинский', '50'),
('Дмитров', '50'),
('Долгопрудный', '50'),
('Домодедово', '50'),
('Дрезна', '50'),
('Дубна', '50'),
('Егорьевск', '50'),
('Жуковский', '50'),
('Зарайск', '50'),
('Звенигород', '50'),
('Ивантеевка', '50'),
('Истра', '50'),
('Кашира', '50'),
('Клин', '50'),
('Коломна', '50'),
('Королёв', '50'),
('Котельники', '50'),
('Красноармейск', '50'),
('Красногорск', '50'),
('Краснозаводск', '50'),
('Краснознаменск', '50'),
('Кубинка', '50'),
('Куровское', '50'),
('Ликино-Дулёво', '50'),
('Лобня', '50'),
('Лосино-Петровский', '50'),
('Луховицы', '50'),
('Лыткарино', '50'),
('Люберцы', '50'),
('Можайск', '50'),
('Мытищи', '50'),
('Наро-Фоминск', '50'),
('Ногинск', '50'),
('Одинцово', '50'),
('Озёры', '50'),
('Орехово-Зуево', '50'),
('Павловский Посад', '50'),
('Пересвет', '50'),
('Подольск', '50'),
('Протвино', '50'),
('Пушкино', '50'),
('Пущино', '50'),
('Раменское', '50'),
('Реутов', '50'),
('Рошаль', '50'),
('Руза', '50'),
('Сергиев Посад', '50'),
('Серпухов', '50'),
('Солнечногорск', '50'),
('Старая Купавна', '50'),
('Ступино', '50'),
('Талдом', '50'),
('Фрязино', '50'),
('Химки', '50'),
('Хотьково', '50'),
('Черноголовка', '50'),
('Чехов', '50'),
('Шатура', '50'),
('Щёлково', '50'),
('Электрогорск', '50'),
('Электросталь', '50'),
('Электроугли', '50'),
('Яхрома', '50')
; 

INSERT INTO streets (street) 
VALUES 
('Улица 1 Дом Инвалидов'),
('1-й переезд'),
('11-й городок'),
('Улица 1120 км'),
('Городок 11а'),
('17-й городок'),
('Переезд 18 км'),
('Платформа 18 км'),
('Разъезд 18 км'),
('Станция 18 км'),
('Платформа 19 км'),
('Станция 2 км'),
('Территория 2 Мельзавод'),
('Километр 2092'),
('Улица 240 км'),
('Станция 241 км'),
('Улица 250-летия Челябинска'),
('Переулок 26 Бакинских Комиссаров'),
('Улица 26 Бакинских Комиссаров'),
('Улица 3 Подсобное х-во'),
('Улица 3-го Интернационала'),
('Улица 30-летия Октября'),
('Улица 32-ой Годовщины Октября'),
('33-й микрорайон'),
('34-й микрорайон'),
('39-й микрорайон'),
('Микрорайон 39-й А'),
('Станция 4 км'),
('40-й микрорайон'),
('Улица 40-летия Октября'),
('Улица 40-летия Победы'),
('41-й микрорайон'),
('42-й микрорайон'),
('Станция 5 км'),
('Улица 50-летия ВЛКСМ'),
('54-й микрорайон'),
('Улица 60-летия Октября'),
('Станция 9 км'),
('Абразивная улица'),
('Абрикосовая улица'),
('Августовская улица'),
('Улица Авиаторов'),
('Авиационная улица'),
('Автодорожная улица'),
('Улица Автоматики'),
('Автоматный переулок'),
('Автомобильная улица'),
('Авторемонтная улица'),
('Улица Агалакова'),
('Агаповская улица'),
('Агатовая улица'),
('Аграрная улица'),
('Аджарская улица'),
('Адлерская улица'),
('Улица Адлерская (Сухомесово)'),
('Азовская улица'),
('Улица Академика Королева'),
('Улица Академика Макеева'),
('Улица Академика Сахарова'),
('Акаций переулок'),
('Аквамариновая улица'),
('Улица Актюбинская(Колхозный)'),
('Улица Актюбинская(Першино)'),
('Алданская улица'),
('Алданский переулок'),
('Улица Александра Шмакова'),
('Александровская улица'),
('Улица Алексеева'),
('Алма-Атинская улица'),
('Алма-Атинский переулок'),
('Алмазная улица'),
('Алмазный переулок'),
('Площадь Алое Поле'),
('Алтайская улица'),
('Алчевская улица'),
('Сад АМЗ 2'),
('Амурская улица'),
('Анапская улица'),
('Анапский переулок'),
('Ангарская улица'),
('Андижанская улица'),
('Андреевская улица'),
('Улица Аносова'),
('Улица Аношкина'),
('Апрельская улица'),
('Аптечная улица'),
('Аптечный переулок'),
('Переулок Аптечный(Шагол)'),
('Аральская улица'),
('Аргазинская улица'),
('Аргазинский переулок'),
('Аргаяшская улица'),
('Арзамасская 1-я улица'),
('Арзамасская 2-я улица'),
('Арзамасская 3-я улица'),
('Аркаимская улица'),
('Армавирская улица'),
('Армавирский переулок'),
('Арматурный переулок'),
('Артельная улица'),
('Артельный 2-й переулок'),
('Улица Артема'),
('Артемовская улица'),
('Артиллерийская улица'),
('Артиллерийский переулок'),
('Архангельская улица'),
('Улица Архитектора Александрова'),
('Архитекторная улица'),
('Улица Асфальтная станция'),
('Квартал АУЖКХ треста 42'),
('Ачинская улица'),
('Поселок Аэропорт'),
('Сад Аэропорт'),
('Аэропорт 1-й поселок'),
('Улица Бабушкина'),
('Улица Багратиона'),
('Улица Багрицкого'),
('Улица Бажова'),
('Базовая 1-я улица'),
('Базовая 2-я улица'),
('Байкальская улица'),
('Балканская улица'),
('Балтийская улица'),
('Балхашская улица'),
('Барабинская улица'),
('Барановичская улица'),
('Барбарисовая улица'),
('Улица Барбюса'),
('Барнаульская улица'),
('Барнаульский переулок'),
('Бархатная улица'),
('Батайский переулок'),
('Улица Баталова'),
('Батумская улица'),
('Улица Баумана'),
('Бахчисарайская улица'),
('Улица Безрукова'),
('Безымянная улица'),
('Улица Бейвеля'),
('Белгородская улица'),
('Белгородский переулок'),
('Улица Белинского'),
('Улица Белова'),
('Белозерская улица'),
('Беломорская улица'),
('Белорецкая улица'),
('Белорецкий 1-й переулок'),
('Белорецкий 2-й переулок'),
('Белорусская улица'),
('Белостокская улица'),
('Улица Белостоцкого'),
('Береговая улица'),
('Улица Береговая (Смолино)'),
('Березка 2 сад Электромашина'),
('Сад Березка 3'),
('Березниковская улица'),
('Березниковская 2-я улица'),
('Березовая улица'),
('Улица Березовый Тупик'),
('Бессарабская улица'),
('Улица Бехтерева'),
('Бийская улица'),
('Бийская 1-я улица'),
('Бийская 2-я улица'),
('Бийская 4-я улица'),
('Бийская 5-я улица'),
('Бирская 1-я улица'),
('Бирская 3-я улица'),
('Бирская 4-я улица'),
('Бирская 5-я улица'),
('Бирюзовая улица'),
('Благодатная улица'),
('Благодатный переулок'),
('Улица Блюхера'),
('Бобруйская улица'),
('Улица Богдана Хмельницкого'),
('Улица Бойня'),
('Бокситовый переулок'),
('Улица Болейко'),
('Больничная улица'),
('Большевистская улица'),
('Большой переулок'),
('Большой Западный проезд'),
('Боровой переулок'),
('Бородинская улица'),
('Улица Борьбы'),
('Братская улица'),
('Улица Братьев Кашириных'),
('Брестская улица'),
('Брестский 1-й переулок'),
('Брестский 2-й переулок'),
('Бригадная улица'),
('Бродокалмакский тракт'),
('Бродокамская улица'),
('Брусничная улица'),
('Брянская улица'),
('Бугурусланская улица'),
('Бугурусланская 1-я улица'),
('Бугурусланская 2-я улица'),
('Бугурусланский переулок'),
('Бузулукская улица'),
('Бульварный 1-й переулок'),
('Бульварный 2-й переулок'),
('Бульварный 3-й переулок'),
('Бульварный 4-й переулок'),
('Бульварный 5-й переулок'),
('Бульварный 6-й переулок'),
('Бульварный 7-й переулок'),
('Бульварный 8-й переулок'),
('Бульварный 9-й переулок'),
('Бульдозерная улица'),
('Улица Бунина'),
('Улица Бурденюка'),
('Бухарская улица'),
('Бытовой 1-й переулок'),
('Бытовой 2-й переулок'),
('Бытовой 3-й переулок'),
('Бытовой 4-й переулок'),
('Улица Вагнера'),
('Вагнера 1-й переулок'),
('Вагнера 2-й переулок'),
('Переулок Вагнера с кв'),
('Вагонный 1-й переулок'),
('Вагонный 2-й переулок'),
('Валдайская улица'),
('Валовая улица'),
('Варламовская улица'),
('Варненская улица'),
('Улица Васенко'),
('Улица Василевского'),
('Васильковая улица'),
('Улица Ватутина'),
('Улица Вахтангова'),
('Великопетровская улица'),
('Велосипедная улица'),
('Вербный переулок'),
('Вересковая улица'),
('Верещагинская улица'),
('Верная улица'),
('Верстовая улица'),
('Верхнеуральская улица'),
('Верхоянская улица'),
('Верхоянский 1-й переулок'),
('Верхоянский 2-й переулок'),
('Верхоянский 3-й переулок'),
('Верхоянский 4-й переулок'),
('Верхоянский 5-й переулок'),
('Улица Веселая (Новосинеглазово)'),
('Улица Веселая (Шершни)'),
('Веселый переулок'),
('Весенняя улица'),
('Улица Ветка Цинкового Завода'),
('Ветреный переулок'),
('Ветровая улица'),
('Вечерняя улица'),
('Взаимная улица'),
('Взлетная улица'),
('Виленская улица'),
('Виллинская улица'),
('Винницкая улица'),
('Виноградный переулок'),
('Витебская улица'),
('Вишневая улица'),
('Вишнегорская улица'),
('Владимирская улица'),
('Владимирский переулок'),
('Внутриквартальная улица'),
('Водная улица'),
('Водопроводная улица'),
('Водосточная улица'),
('Водосточная 1-я улица'),
('Военный городок'),
('Военный 17-й городок'),
('Военный 18-й городок'),
('Воздушный переулок'),
('Улица Возмездия'),
('Улица Войкова'),
('Волгоградская улица'),
('Волгодонская улица'),
('Вологодская улица'),
('Улица Володарского'),
('Волочаевская улица'),
('Волочаевский переулок'),
('Волховская улица'),
('Волынский переулок'),
('Вольская улица'),
('Воркутинская улица'),
('Воркутинский переулок'),
('Воркутинский 1-й переулок'),
('Улица Воробьева'),
('Улица Воровского'),
('Улица Ворошилова'),
('Восточная 1-я улица'),
('Восточная 2-я улица'),
('Восточная 3-я улица'),
('Восточная 4-я улица'),
('Восточная 5-я улица'),
('Улица Восточная Желябова'),
('Улица Вострецова'),
('Улица Восход'),
('Восходящая улица'),
('Улица Восьмого Марта'),
('Улица Восьмого Марта (АМЗ)'),
('Улица Восьмого Марта (Новосинеглазовский)'),
('Улица Второй Пятилетки'),
('Входная улица'),
('Входной переулок'),
('Выборгская улица'),
('Вязовая улица'),
('Вязовый переулок'),
('Вятская улица'),
('Габдуллы Тукая улица'),
('Переулок Гагарина'),
('Улица Гагарина'),
('Улица Гагарина (Смолино)'),
('Улица Газизуллина'),
('Газонный 1-й переулок'),
('Газонный 2-й переулок'),
('Улица Гайдара'),
('Улица Гарина-Михайловского'),
('Гармоничная улица'),
('Улица Гастелло'),
('Гатчинская улица'),
('Гвардейская улица'),
('Улица Генерала Брусилова'),
('Улица Генерала Мартынова'),
('Генераторный переулок'),
('Переулок Геологов'),
('Улица Геологов'),
('Улица Героев Танкограда'),
('Героическая улица'),
('Набережная Героя России Кислова С.А.'),
('Улица Героя России Молодова'),
('Проспект Героя России Родионова'),
('Улица Героя России Яковлева А.В.'),
('Улица Герцена'),
('Гиацинтовая улица'),
('Улица Гидрострой'),
('Главная улица'),
('Переулок Глазунова'),
('Улица Глазунова'),
('Переулок Гоголя'),
('Улица Гоголя'),
('Гомельская улица'),
('Улица Гончаренко'),
('Улица Горелова'),
('Улица Горная (АМЗ)'),
('Улица Горная (Новосинеглазово)'),
('Горная 1-я улица'),
('Горная 2-я улица'),
('Горный переулок'),
('Сад Горняк'),
('Улица Горняков'),
('Городецкая улица'),
('Городская улица'),
('Горшечная улица'),
('Горьковская улица'),
('Улица Горького'),
('Гостевая улица'),
('Гостеприимная улица'),
('Улица Градский прииск Коттеджи'),
('Гражданская улица'),
('Гражданский переулок'),
('Гранитная улица'),
('Грейдерная улица'),
('Улица Грибоедова'),
('Гродненская улица'),
('Грозненская улица'),
('Улица Громова'),
('Грузовая улица'),
('Грушевая улица'),
('Улица Грязева'),
('Улица Гудованцева'),
('Гусеничный переулок'),
('Улица Гюго'),
('Дальневосточная улица'),
('Дальняя 1-я улица'),
('Дальняя 2-я улица'),
('Улица Дарвина'),
('Даурская улица'),
('Дачная улица'),
('Дачный переулок'),
('Двинская улица'),
('Двинский 1-й переулок'),
('Двинский 2-й переулок'),
('Девятого Мая улица'),
('Улица Дегтярева'),
('Улица Дежнева'),
('Улица Декабристов'),
('Делегатская улица'),
('Демидовская улица'),
('Деповская улица'),
('Депутатский переулок'),
('Дербентская улица'),
('Детская улица'),
('Улица Детский Санаторий'),
('Улица Джамбула'),
('Улица Дзержинского'),
('Дивный переулок'),
('Улица Дмитрия Неаполитанова'),
('Днепровская улица'),
('Днепропетровская улица'),
('Днестровская улица'),
('Добрая улица'),
('Улица Добролюбова'),
('Добротная улица'),
('Улица Доватора'),
('Долинская улица'),
('Долматовская улица'),
('Долматовский переулок'),
('Доменная улица'),
('Домовитая улица'),
('Донбасская улица'),
('Донской переулок'),
('Улица Дорожная (Исаково)'),
('Улица Дорожная (ЧКПЗ)'),
('Улица Достоевского'),
('Дружба Металлургический сад'),
('Дружба Тракторозаводский сад'),
('Улица Дружбы'),
('Дружный переулок'),
('Улица ДСР'),
('Улица Дубинина'),
('Дубовая улица'),
('Дубравная улица'),
('Переулок Дундича'),
('Улица Дундича'),
('Душевная улица'),
('Евпаторийская улица'),
('Улица Евтеева'),
('Ежевичный переулок'),
('Улица Еланка'),
('Еловая улица'),
('Елочная улица'),
('Улица Елькина'),
('Еманжелинская улица'),
('Енисейская улица'),
('Ереванская улица'),
('Улица Жаворонкова'),
('Жасминовая улица'),
('Железная улица'),
('Железноводская улица'),
('Железнодорожная улица'),
('Улица Железнодорожная (Исаково)'),
('Улица Железнодорожная (Новосинеглазово)'),
('Квартал Железнодорожные дома'),
('Улица Желябова'),
('Жемчужная улица'),
('Живописная улица'),
('Животноводческая улица'),
('Жигулевская улица'),
('Улица Жилая (Сухомесово)'),
('Садовое товарищество Жилищник'),
('Житная улица'),
('Житомирская улица'),
('Улица Жукова'),
('Улица Жуковского'),
('Журавлиная улица'),
('Заболотная улица'),
('Улица Завалишина'),
('Улица Заводская ( Новосинеглазово)'),
('Улица Заводская (АМЗ)'),
('Улица Заводская (Шершни)'),
('Загородная улица'),
('Улица Загородная (Шагол)'),
('Загорская улица'),
('Загорский 1-й переулок'),
('Загорский 2-й переулок'),
('Загорский 3-й переулок'),
('Загорский 4-й переулок'),
('Улица Зальцмана'),
('Улица Заманиха'),
('Улица Замятина'),
('Улица Западная (Смолино)'),
('Улица Западная (Сухомесово)'),
('Улица Западная (Шершни)'),
('Западный 2-й проезд'),
('Заповедная улица'),
('Запорожская улица'),
('Заречный переулок'),
('Улица Заслонова'),
('Улица Захаренко'),
('Звездная улица'),
('Звенигородская улица'),
('Сад Здоровье'),
('Сад Здоровье Копейское шоссе'),
('Зеленая улица'),
('Зеленый переулок'),
('Земляничная улица'),
('Улица Земляничная поляна'),
('Зеркальная улица'),
('Зерновая улица'),
('Зимняя улица'),
('Златоустовская улица'),
('Знаменская улица'),
('Золотниковая улица'),
('Зональная улица'),
('Улица Зудова'),
('Улица Зыкова'),
('Улица Ивлева'),
('Ивовая улица'),
('Улица Игнатия Вандышева'),
('Игровая 1-я улица'),
('Игровая 2-я улица'),
('Улица Игуменка'),
('Ижевская улица'),
('Ижевский переулок'),
('Ижевский 1-й переулок'),
('Ижевский 2-й переулок'),
('Ижевский 3-й переулок'),
('Измайловская улица'),
('Изобильная улица'),
('Улица Изобретателей'),
('Изумрудная улица'),
('Изумрудный переулок'),
('Улица Ильича'),
('Ильменская улица'),
('Проспект им.Давыдова В.Ф.'),
('Сквер Имени Сумина П.И.'),
('Индивидуальная улица'),
('Индивидуальная 2-я улица'),
('Индивидуальный переулок'),
('Индустриальная улица'),
('Инженерная улица')
;

INSERT INTO houses (city_id, street_id, house, year_of__construction, apartments, total_area,
living_space)
VALUES 
(103, 392, 6, 2019, 480, 51840, 43200), (145, 440, 128, 2000, 144, 7776, 6480),
(41, 388, 169, 1977, 32, 1152, 960), (96, 349, 8, 1973, 32, 1152, 960), 
(134, 445, 82, 1974, 16, 576, 480), (6, 442, 6, 2019, 720, 77760, 64800),
(123, 471, 114, 2002, 160, 8640, 7200), (125, 85, 137, 1979, 32, 1152, 960),
(96, 45, 119, 2016, 200, 21600, 18000), (126, 7, 130, 1998, 60, 2736, 2280),
(58, 152, 41, 1989, 60, 2736, 2280), (12, 446, 12, 1996, 108, 4924, 4104),
(106, 27, 130, 1979, 32, 1152, 960), (119, 41, 54, 1978, 16, 576, 480),
(84, 220, 5, 2011, 160, 8640, 7200), (116, 127, 119, 1985, 60, 2736, 2280),
(75, 93, 35, 1995, 108, 4924, 4104), (16, 217, 17, 1986, 108, 4924, 4104),
(65, 46, 9, 2009, 144, 7776, 6480), (24, 116, 179, 1981, 108, 4924, 4104),
(27, 188, 100, 1977, 32, 1152, 960), (41, 214, 185, 1993, 108, 4924, 4104),
(21, 422, 8, 2011, 160, 8640, 7200), (65, 79, 21, 1978, 40, 1440, 1200),
(66, 296, 64, 2006, 160, 8640, 7200), (9, 372, 11, 2008, 288, 15552, 12960),
(82, 342, 132, 2017, 360, 38880, 32400), (19, 417, 168, 2016, 200, 21600, 18000),
(77, 275, 65, 1996, 108, 4924, 4104), (52, 100, 5, 2007, 144, 7776, 6480),
(71, 387, 38, 2006, 288, 15552, 12960), (49, 280, 119, 1994, 168, 7660, 6384),
(62, 265, 30, 1974, 16, 576, 480), (134, 40, 57, 2012, 160, 8640, 7200),
(98, 7, 125, 2019, 720, 77760, 64800), (147, 7, 11, 1991, 168, 7660, 6384),
(120, 104, 54, 2000, 160, 8640, 7200), (58, 24, 33, 1981, 108, 4924, 4104),
(77, 180, 58, 1982, 108, 4924, 4104), (8, 380, 124, 1973, 16, 576, 480),
(10, 15, 196, 2006, 144, 7776, 6480), (115, 103, 44, 2012, 160, 8640, 7200),
(129, 523, 178, 1994, 60, 2736, 2280), (72, 490, 113, 2007, 144, 7776, 6480),
(59, 410, 27, 1985, 108, 4924, 4104), (115, 152, 151, 2015, 360, 38880, 32400),
(98, 416, 107, 2003, 144, 7776, 6480), (79, 129, 46, 2013, 160, 8640, 7200),
(146, 138, 66, 2006, 144, 7776, 6480), (71, 510, 31, 1989, 168, 7660, 6384),
(93, 66, 57, 1969, 168, 7660, 6384), (89, 22, 118, 2004, 144, 7776, 6480),
(31, 452, 165, 2005, 288, 15552, 12960), (61, 322, 128, 1985, 60, 2736, 2280),
(146, 32, 186, 1970, 60, 2736, 2280), (56, 71, 108, 1972, 32, 1152, 960),
(10, 7, 35, 2009, 160, 8640, 7200), (61, 178, 199, 1975, 16, 576, 480),
(26, 51, 136, 1996, 168, 7660, 6384), (63, 187, 106, 1982, 108, 4924, 4104),
(56, 192, 34, 1992, 60, 2736, 2280), (70, 310, 94, 1980, 108, 4924, 4104),
(21, 129, 123, 2017, 200, 21600, 18000), (111, 267, 99, 1971, 200, 21600, 18000),
(105, 283, 114, 1990, 168, 7660, 6384), (99, 189, 103, 1982, 60, 2736, 2280),
(48, 477, 178, 2012, 288, 15552, 12960), (60, 493, 113, 2018, 200, 21600, 18000),
(27, 186, 82, 2011, 144, 7776, 6480), (124, 28, 17, 1977, 32, 1152, 960),
(77, 324, 196, 1991, 108, 4924, 4104), (141, 340, 154, 1974, 40, 1440, 1200),
(126, 182, 102, 1979, 40, 1440, 1200), (19, 350, 71, 1971, 40, 1440, 1200),
(11, 519, 131, 1974, 32, 1152, 960), (111, 437, 149, 2018, 480, 51840, 43200),
(50, 315, 92, 2018, 720, 77760, 64800), (5, 391, 165, 1992, 60, 2736, 2280),
(132, 23, 28, 1995, 108, 4924, 4104), (38, 28, 98, 2010, 160, 8640, 7200),
(151, 195, 143, 1985, 168, 7660, 6384), (99, 5, 40, 1992, 168, 7660, 6384),
(137, 476, 7, 1999, 108, 4924, 4104), (97, 402, 189, 1972, 16, 576, 480),
(11, 42, 139, 2017, 720, 77760, 64800), (13, 6, 102, 1973, 16, 576, 480),
(58, 421, 137, 1973, 32, 1152, 960), (8, 435, 87, 2010, 160, 8640, 7200),
(89, 237, 21, 1996, 168, 7660, 6384), (63, 34, 55, 1970, 168, 7660, 6384),
(137, 393, 108, 1983, 60, 2736, 2280), (59, 190, 34, 1997, 168, 7660, 6384),
(47, 134, 130, 1973, 32, 1152, 960), (39, 36, 37, 2005, 144, 7776, 6480),
(140, 61, 29, 2018, 360, 38880, 32400), (86, 58, 129, 2002, 144, 7776, 6480),
(69, 96, 1, 2001, 144, 7776, 6480), (19, 331, 173, 1975, 16, 576, 480),
(69, 387, 71, 1992, 60, 2736, 2280), (135, 434, 128, 2005, 144, 7776, 6480)
;



INSERT INTO owners (houses_id, apartment, inventory_num, living_space, users_id, 
share, date_title, statement_num)
VALUES 
(86, 1, '74:36:0815121:1517', 30, 1, 0.25, '1991-02-02', '1517'),
(86, 1, '74:36:0815121:1517', 30, 2, 0.25, '1991-02-25', '1517'),
(86, 1, '74:36:0815121:1517', 30, 3, 0.25, '1991-03-20', '1517'),
-- (86, 1, '74:36:0815121:1517', 30, 4, 0.25, '1991-04-12', '1517'),
(86, 2, '74:36:0815121:1518', 30, 5, 0.5, '1991-05-05', '1518'),
(86, 2, '74:36:0815121:1518', 30, 6, 0.5, '1991-05-28', '1518'),
(86, 3, '74:36:0815121:1519', 30, 7, 0.5, '1991-06-20', '1519'),
(86, 3, '74:36:0815121:1519', 30, 8, 0.5, '1991-07-13', '1519'),
(86, 4, '74:36:0815121:1520', 30, 9, 0.16, '1991-08-05', '1520'),
(86, 4, '74:36:0815121:1520', 30, 10, 0.16, '1991-08-28', '1520'),
(86, 4, '74:36:0815121:1520', 30, 11, 0.16, '1991-09-20', '1520'),
(86, 4, '74:36:0815121:1520', 30, 12, 0.16, '1991-10-13', '1520'),
(86, 4, '74:36:0815121:1520', 30, 13, 0.16, '1991-11-05', '1520'),
(86, 4, '74:36:0815121:1520', 30, 14, 0.2, '1991-11-28', '1520'),
(86, 5, '74:36:0815121:1521', 30, 15, 1, '1991-12-21', '1521'),
(86, 6, '74:36:0815121:1522', 30, 16, 1, '1992-01-13', '1522'),
(86, 7, '74:36:0815121:1523', 30, 17, 1, '1992-02-05', '1523'),
(86, 8, '74:36:0815121:1524', 30, 18, 0.3, '1992-02-28', '1524'),
(86, 8, '74:36:0815121:1524', 30, 19, 0.3, '1992-03-22', '1524'),
(86, 8, '74:36:0815121:1524', 30, 20, 0.4, '1992-04-14', '1524'),
(86, 9, '74:36:0815121:1525', 30, 21, 0.5, '1992-05-07', '1525'),
(86, 9, '74:36:0815121:1525', 30, 22, 0.5, '1992-05-30', '1525'),
(86, 10, '74:36:0815121:1526', 30, 23, 1, '1992-06-22', '1526'),
(86, 11, '74:36:0815121:1527', 30, 24, 1, '1992-07-15', '1527'),
(86, 12, '74:36:0815121:1528', 30, 25, 1, '1992-08-07', '1528'),
(86, 13, '74:36:0815121:1529', 30, 26, 1, '1992-08-30', '1529'),
(86, 14, '74:36:0815121:1530', 30, 27, 1, '1992-09-22', '1530'),
(86, 15, '74:36:0815121:1531', 30, 28, 0.4, '1992-10-15', '1531'),
(86, 15, '74:36:0815121:1531', 30, 29, 0.3, '1992-11-07', '1531'),
(86, 15, '74:36:0815121:1531', 30, 30, 0.3, '1992-11-30', '1531'),
(86, 16, '74:36:0815121:1532', 30, 31, 1, '1992-12-23', '1532'),
(21, 1, '74:36:0815121:2751', 30, 32, 1, '1992-12-26', '2751'),
(21, 2, '74:36:0815121:2752', 30, 33, 1, '1992-12-29', '2752'),
(21, 3, '74:36:0815121:2753', 30, 34, 1, '1993-01-01', '2753'),
(21, 4, '74:36:0815121:2754', 30, 35, 0.25, '1993-01-04', '2754'),
(21, 4, '74:36:0815121:2754', 30, 36, 0.25, '1993-01-07', '2754'),
(21, 4, '74:36:0815121:2754', 30, 37, 0.25, '1993-01-10', '2754'),
(21, 4, '74:36:0815121:2754', 30, 38, 0.25, '1993-01-13', '2754'),
(21, 5, '74:36:0815121:2755', 30, 39, 0.33, '1993-01-16', '2755'),
(21, 5, '74:36:0815121:2755', 30, 40, 0.33, '1993-01-19', '2755'),
(21, 5, '74:36:0815121:2755', 30, 41, 0.34, '1993-01-22', '2755'),
(21, 6, '74:36:0815121:2756', 30, 42, 1, '1993-01-25', '2756'),
(21, 7, '74:36:0815121:2757', 30, 43, 0.5, '1993-01-28', '2757'),
(21, 7, '74:36:0815121:2757', 30, 44, 0.5, '1993-01-31', '2757'),
(21, 8, '74:36:0815121:2758', 30, 45, 1, '1993-02-03', '2758'),
(21, 9, '74:36:0815121:2759', 30, 46, 1, '1993-02-06', '2759'),
(21, 10, '74:36:0815121:2760', 30, 47, 1, '1993-02-09', '2760'),
(21, 11, '74:36:0815121:2761', 30, 48, 1, '1993-02-12', '2761'),
(21, 12, '74:36:0815121:2762', 30, 49, 1, '1993-02-15', '2762'),
(21, 13, '74:36:0815121:2763', 30, 50, 1, '1993-02-18', '2763'),
(21, 14, '74:36:0815121:2764', 30, 51, 1, '1993-02-21', '2764'),
(21, 15, '74:36:0815121:2765', 30, 52, 1, '1993-02-24', '2765'),
(21, 16, '74:36:0815121:2766', 30, 53, 0.5, '1993-02-27', '2766'),
(21, 16, '74:36:0815121:2766', 30, 54, 0.5, '1993-03-02', '2766'),
(21, 17, '74:36:0815121:2767', 30, 55, 0.34, '1993-03-05', '2767'),
(21, 17, '74:36:0815121:2767', 30, 56, 0.33, '1993-03-08', '2767'),
(21, 17, '74:36:0815121:2767', 30, 57, 0.33, '1993-03-11', '2767'),
(21, 18, '74:36:0815121:2768', 30, 58, 1, '1993-03-14', '2768'),
(21, 19, '74:36:0815121:2769', 30, 59, 1, '1993-03-17', '2769'),
(21, 20, '74:36:0815121:2770', 30, 60, 0.3, '1993-03-20', '2770'),
(21, 20, '74:36:0815121:2770', 30, 61, 0.3, '1993-03-23', '2770'),
(21, 20, '74:36:0815121:2770', 30, 62, 0.4, '1993-03-26', '2770'),
(21, 21, '74:36:0815121:2771', 30, 63, 1, '1993-03-29', '2771'),
(21, 22, '74:36:0815121:2772', 30, 64, 0.5, '1993-04-01', '2772'),
(21, 22, '74:36:0815121:2772', 30, 65, 0.5, '1993-04-04', '2772'),
(21, 23, '74:36:0815121:2773', 30, 66, 0.5, '1993-04-07', '2773'),
(21, 23, '74:36:0815121:2773', 30, 67, 0.5, '1993-04-10', '2773'),
(21, 24, '74:36:0815121:2774', 30, 68, 1, '1993-04-13', '2774'),
(21, 25, '74:36:0815121:2775', 30, 69, 1, '1993-04-16', '2775'),
(21, 26, '74:36:0815121:2776', 30, 70, 1, '1993-04-19', '2776'),
(21, 27, '74:36:0815121:2777', 30, 71, 1, '1993-04-22', '2777'),
(21, 28, '74:36:0815121:2778', 30, 72, 1, '1993-04-25', '2778'),
(21, 29, '74:36:0815121:2779', 30, 73, 1, '1993-04-28', '2779'),
(21, 30, '74:36:0815121:2780', 30, 74, 1, '1993-05-01', '2780'),
(21, 31, '74:36:0815121:2781', 30, 75, 1, '1993-05-04', '2781'),
(21, 32, '74:36:0815121:2782', 30, 76, 1, '1993-05-07', '2782'),
(69, 1, '74:36:0815121:5838', 45, 77, 1, '2011-01-01', '5838'),
(69, 2, '74:36:0815121:5839', 45, 78, 1, '2011-01-04', '5839'),
(69, 3, '74:36:0815121:5840', 45, 79, 1, '2011-01-07', '5840'),
(69, 4, '74:36:0815121:5841', 45, 80, 1, '2011-01-10', '5841'),
(69, 5, '74:36:0815121:5842', 45, 81, 1, '2011-01-13', '5842'),
(69, 6, '74:36:0815121:5843', 45, 82, 1, '2011-01-16', '5843'),
(69, 7, '74:36:0815121:5844', 45, 83, 1, '2011-01-19', '5844'),
(69, 8, '74:36:0815121:5845', 45, 84, 0.5, '2011-01-22', '5845'),
(69, 8, '74:36:0815121:5845', 45, 85, 0.5, '2011-01-25', '5845'),
(69, 9, '74:36:0815121:5846', 45, 86, 1, '2011-01-28', '5846'),
(69, 10, '74:36:0815121:5847', 45, 87, 0.3, '2011-01-31', '5847'),
(69, 10, '74:36:0815121:5847', 45, 88, 0.3, '2011-02-03', '5847'),
(69, 10, '74:36:0815121:5847', 45, 89, 0.4, '2011-02-06', '5847'),
(69, 11, '74:36:0815121:5848', 45, 90, 1, '2011-02-09', '5848'),
(69, 12, '74:36:0815121:5849', 45, 91, 0.5, '2011-02-12', '5849'),
(69, 12, '74:36:0815121:5849', 45, 92, 0.5, '2011-02-15', '5849'),
(69, 13, '74:36:0815121:5850', 45, 93, 1, '2011-02-18', '5850'),
(69, 14, '74:36:0815121:5851', 45, 94, 1, '2011-02-21', '5851'),
(69, 15, '74:36:0815121:5852', 45, 95, 1, '2011-02-24', '5852'),
(69, 16, '74:36:0815121:5853', 45, 96, 1, '2011-02-27', '5853'),
(69, 17, '74:36:0815121:5854', 45, 97, 1, '2011-03-02', '5854'),
(69, 18, '74:36:0815121:5855', 45, 98, 1, '2011-03-05', '5855'),
(69, 19, '74:36:0815121:5856', 45, 99, 1, '2011-03-08', '5856'),
(69, 20, '74:36:0815121:5857', 45, 100, 1, '2011-03-11', '5857'),
(69, 21, '74:36:0815121:5858', 45, 101, 0.5, '2011-03-14', '5858'),
(69, 21, '74:36:0815121:5858', 45, 102, 0.5, '2011-03-17', '5858'),
(69, 22, '74:36:0815121:5859', 45, 103, 1, '2011-03-20', '5859'),
(69, 23, '74:36:0815121:5860', 45, 104, 0.5, '2011-03-23', '5860'),
(69, 23, '74:36:0815121:5860', 45, 105, 0.5, '2011-03-26', '5860'),
(69, 24, '74:36:0815121:5861', 45, 106, 1, '2011-03-29', '5861'),
(69, 25, '74:36:0815121:5862', 45, 107, 1, '2011-04-01', '5862'),
(69, 26, '74:36:0815121:5863', 45, 108, 1, '2011-04-04', '5863'),
(69, 27, '74:36:0815121:5864', 45, 109, 1, '2011-04-07', '5864'),
(69, 28, '74:36:0815121:5865', 45, 110, 1, '2011-04-10', '5865'),
(69, 29, '74:36:0815121:5866', 45, 111, 1, '2011-04-13', '5866'),
(69, 29, '74:36:0815121:5866', 45, 112, 1, '2011-04-16', '5866'),
(69, 30, '74:36:0815121:5867', 45, 113, 1, '2011-04-19', '5867'),
(69, 31, '74:36:0815121:5868', 45, 114, 1, '2011-04-22', '5868'),
(69, 32, '74:36:0815121:5869', 45, 115, 1, '2011-04-25', '5869'),
(69, 33, '74:36:0815121:5870', 45, 116, 1, '2011-04-28', '5870'),
(69, 34, '74:36:0815121:5871', 45, 117, 0.5, '2011-05-01', '5871'),
(69, 34, '74:36:0815121:5871', 45, 118, 0.5, '2011-05-04', '5871'),
(69, 35, '74:36:0815121:5872', 45, 119, 0.25, '2011-05-07', '5872'),
(69, 35, '74:36:0815121:5872', 45, 120, 0.25, '2011-05-10', '5872'),
(69, 35, '74:36:0815121:5872', 45, 121, 0.25, '2011-05-13', '5872'),
(69, 35, '74:36:0815121:5872', 45, 122, 0.25, '2011-05-16', '5872'),
(69, 36, '74:36:0815121:5873', 45, 123, 1, '2011-05-19', '5873'),
(69, 37, '74:36:0815121:5874', 45, 124, 1, '2011-05-22', '5874'),
(69, 38, '74:36:0815121:5875', 45, 125, 1, '2011-05-25', '5875'),
(69, 39, '74:36:0815121:5876', 45, 126, 1, '2011-05-28', '5876'),
(69, 39, '74:36:0815121:5876', 45, 127, 1, '2011-05-31', '5876'),
(69, 40, '74:36:0815121:5877', 45, 128, 1, '2011-06-03', '5877'),
(69, 41, '74:36:0815121:5878', 45, 129, 1, '2011-06-06', '5878'),
(69, 42, '74:36:0815121:5879', 45, 130, 1, '2011-06-09', '5879'),
(69, 43, '74:36:0815121:5880', 45, 131, 0.5, '2011-06-12', '5880'),
(69, 43, '74:36:0815121:5880', 45, 132, 0.5, '2011-06-15', '5880'),
(69, 44, '74:36:0815121:5881', 45, 133, 1, '2011-06-18', '5881'),
(69, 45, '74:36:0815121:5882', 45, 134, 0.5, '2011-06-21', '5882'),
(69, 45, '74:36:0815121:5882', 45, 135, 0.5, '2011-06-24', '5882'),
(69, 46, '74:36:0815121:5883', 45, 136, 0.3, '2011-06-27', '5883'),
(69, 46, '74:36:0815121:5883', 45, 137, 0.3, '2011-06-30', '5883'),
(69, 46, '74:36:0815121:5883', 45, 138, 0.4, '2011-07-03', '5883'),
(69, 47, '74:36:0815121:5884', 45, 139, 1, '2011-07-06', '5884'),
(69, 48, '74:36:0815121:5885', 45, 140, 0.25, '2011-07-09', '5885'),
(69, 48, '74:36:0815121:5885', 45, 141, 0.25, '2011-07-12', '5885'),
(69, 48, '74:36:0815121:5885', 45, 142, 0.25, '2011-07-15', '5885'),
(69, 48, '74:36:0815121:5885', 45, 143, 0.25, '2011-07-18', '5885'),
(69, 49, '74:36:0815121:5886', 45, 144, 1, '2011-07-21', '5886'),
(69, 50, '74:36:0815121:5887', 45, 145, 1, '2011-07-24', '5887'),
(69, 51, '74:36:0815121:5888', 45, 146, 0.5, '2011-07-27', '5888'),
(69, 51, '74:36:0815121:5888', 45, 147, 0.5, '2011-07-30', '5888'),
(69, 52, '74:36:0815121:5889', 45, 148, 1, '2011-08-02', '5889'),
(69, 53, '74:36:0815121:5890', 45, 149, 1, '2011-08-05', '5890'),
(69, 54, '74:36:0815121:5891', 45, 150, 0.3, '2011-08-08', '5891'),
(69, 54, '74:36:0815121:5891', 45, 151, 0.3, '2011-08-11', '5891'),
(69, 54, '74:36:0815121:5891', 45, 152, 0.4, '2011-08-14', '5891'),
(69, 55, '74:36:0815121:5892', 45, 153, 1, '2011-08-17', '5892'),
(69, 56, '74:36:0815121:5893', 45, 154, 0.5, '2011-08-20', '5893'),
(69, 56, '74:36:0815121:5893', 45, 155, 0.5, '2011-08-23', '5893'),
(69, 57, '74:36:0815121:5894', 45, 156, 0.5, '2011-08-26', '5894'),
(69, 57, '74:36:0815121:5894', 45, 157, 0.5, '2011-08-29', '5894'),
(69, 58, '74:36:0815121:5895', 45, 158, 1, '2011-09-01', '5895'),
(69, 59, '74:36:0815121:5896', 45, 159, 1, '2011-09-04', '5896'),
(69, 60, '74:36:0815121:5897', 45, 160, 1, '2011-09-07', '5897'),
(69, 61, '74:36:0815121:5898', 45, 161, 1, '2011-09-10', '5898'),
(69, 62, '74:36:0815121:5899', 45, 162, 1, '2011-09-13', '5899'),
(69, 63, '74:36:0815121:5900', 45, 163, 1, '2011-09-16', '5900'),
(69, 64, '74:36:0815121:5901', 45, 164, 1, '2011-09-19', '5901'),
(69, 65, '74:36:0815121:5902', 45, 165, 1, '2011-09-22', '5902'),
(69, 66, '74:36:0815121:5903', 45, 166, 1, '2011-09-25', '5903'),
(69, 67, '74:36:0815121:5904', 45, 167, 1, '2011-09-28', '5904'),
(69, 68, '74:36:0815121:5905', 45, 168, 0.5, '2011-10-01', '5905'),
(69, 68, '74:36:0815121:5905', 45, 169, 0.5, '2011-10-04', '5905'),
(69, 69, '74:36:0815121:5906', 45, 170, 1, '2011-10-07', '5906'),
(69, 70, '74:36:0815121:5907', 45, 171, 1, '2011-10-10', '5907'),
(69, 71, '74:36:0815121:5908', 45, 172, 1, '2011-10-13', '5908'),
(69, 72, '74:36:0815121:5909', 45, 173, 0.5, '2011-10-16', '5909'),
(69, 72, '74:36:0815121:5909', 45, 174, 0.5, '2011-10-19', '5909'),
(69, 72, '74:36:0815121:5909', 45, 175, 1, '2011-10-22', '5909'),
(69, 73, '74:36:0815121:5910', 45, 176, 1, '2011-10-25', '5910'),
(69, 74, '74:36:0815121:5911', 45, 177, 1, '2011-10-28', '5911'),
(69, 75, '74:36:0815121:5912', 45, 178, 1, '2011-10-31', '5912'),
(69, 76, '74:36:0815121:5913', 45, 179, 1, '2011-11-03', '5913'),
(69, 77, '74:36:0815121:5914', 45, 180, 1, '2011-11-06', '5914'),
(69, 78, '74:36:0815121:5915', 45, 181, 1, '2011-11-09', '5915'),
(69, 79, '74:36:0815121:5916', 45, 182, 1, '2011-11-12', '5916'),
(69, 80, '74:36:0815121:5917', 45, 183, 1, '2011-11-15', '5917'),
(69, 81, '74:36:0815121:5918', 45, 184, 1, '2011-11-18', '5918'),
(69, 82, '74:36:0815121:5919', 45, 185, 0.5, '2011-11-21', '5919'),
(69, 82, '74:36:0815121:5919', 45, 186, 0.5, '2011-11-24', '5919'),
(69, 83, '74:36:0815121:5920', 45, 187, 1, '2011-11-27', '5920'),
(69, 84, '74:36:0815121:5921', 45, 188, 1, '2011-11-30', '5921'),
(69, 85, '74:36:0815121:5922', 45, 189, 1, '2011-12-03', '5922'),
(69, 86, '74:36:0815121:5923', 45, 190, 0.5, '2011-12-06', '5923'),
(69, 86, '74:36:0815121:5923', 45, 191, 0.5, '2011-12-09', '5923'),
(69, 87, '74:36:0815121:5924', 45, 192, 1, '2011-12-12', '5924'),
(69, 88, '74:36:0815121:5925', 45, 193, 1, '2011-12-15', '5925'),
(69, 89, '74:36:0815121:5926', 45, 194, 1, '2011-12-18', '5926'),
(69, 89, '74:36:0815121:5926', 45, 195, 1, '2011-12-21', '5926'),
(69, 90, '74:36:0815121:5927', 45, 196, 1, '2011-12-24', '5927'),
(69, 91, '74:36:0815121:5928', 45, 197, 1, '2011-12-27', '5928'),
(69, 92, '74:36:0815121:5929', 45, 198, 1, '2011-12-30', '5929'),
(69, 93, '74:36:0815121:5930', 45, 199, 0.3, '2012-01-02', '5930'),
(69, 93, '74:36:0815121:5930', 45, 200, 0.3, '2012-01-05', '5930'),
(69, 93, '74:36:0815121:5930', 45, 201, 0.4, '2012-01-08', '5930'),
(69, 94, '74:36:0815121:5931', 45, 202, 0.5, '2012-01-11', '5931'),
(69, 94, '74:36:0815121:5931', 45, 203, 0.5, '2012-01-14', '5931'),
(69, 95, '74:36:0815121:5932', 45, 204, 1, '2012-01-17', '5932'),
(69, 96, '74:36:0815121:5933', 45, 205, 1, '2012-01-20', '5933'),
(69, 97, '74:36:0815121:5934', 45, 206, 1, '2012-01-23', '5934'),
(69, 98, '74:36:0815121:5935', 45, 207, 1, '2012-01-26', '5935'),
(69, 99, '74:36:0815121:5936', 45, 208, 1, '2012-01-29', '5936'),
(69, 100, '74:36:0815121:5937', 45, 209, 1, '2012-02-01', '5937'),
(69, 101, '74:36:0815121:5938', 45, 210, 1, '2012-02-04', '5938'),
(69, 102, '74:36:0815121:5939', 45, 211, 1, '2012-02-07', '5939'),
(69, 103, '74:36:0815121:5940', 45, 212, 1, '2012-02-10', '5940'),
(69, 104, '74:36:0815121:5941', 45, 213, 1, '2012-02-13', '5941'),
(69, 105, '74:36:0815121:5942', 45, 214, 0.3, '2012-02-16', '5942'),
(69, 105, '74:36:0815121:5942', 45, 215, 0.3, '2012-02-19', '5942'),
(69, 105, '74:36:0815121:5942', 45, 216, 0.4, '2012-02-22', '5942'),
(69, 106, '74:36:0815121:5943', 45, 217, 1, '2012-02-25', '5943'),
(69, 107, '74:36:0815121:5944', 45, 218, 1, '2012-02-28', '5944'),
(69, 108, '74:36:0815121:5945', 45, 219, 0.5, '2012-03-02', '5945'),
(69, 108, '74:36:0815121:5945', 45, 220, 0.5, '2012-03-05', '5945'),
(69, 109, '74:36:0815121:5946', 45, 221, 1, '2012-03-08', '5946'),
(69, 110, '74:36:0815121:5947', 45, 222, 0.5, '2012-03-11', '5947'),
(69, 110, '74:36:0815121:5947', 45, 223, 0.5, '2012-03-14', '5947'),
(69, 111, '74:36:0815121:5948', 45, 224, 1, '2012-03-17', '5948'),
(69, 112, '74:36:0815121:5949', 45, 225, 1, '2012-03-20', '5949'),
(69, 113, '74:36:0815121:5950', 45, 226, 0.5, '2012-03-23', '5950'),
(69, 113, '74:36:0815121:5950', 45, 227, 0.5, '2012-03-26', '5950'),
(69, 114, '74:36:0815121:5951', 45, 228, 1, '2012-03-29', '5951'),
(69, 115, '74:36:0815121:5952', 45, 229, 0.5, '2012-04-01', '5952'),
(69, 115, '74:36:0815121:5952', 45, 230, 0.5, '2012-04-04', '5952'),
(69, 116, '74:36:0815121:5953', 45, 231, 1, '2012-04-07', '5953'),
(69, 117, '74:36:0815121:5954', 45, 232, 0.5, '2012-04-10', '5954'),
(69, 117, '74:36:0815121:5954', 45, 233, 0.5, '2012-04-13', '5954'),
(69, 118, '74:36:0815121:5955', 45, 234, 1, '2012-04-16', '5955'),
(69, 119, '74:36:0815121:5956', 45, 235, 0.1, '2012-04-19', '5956'),
(69, 119, '74:36:0815121:5956', 45, 236, 0.1, '2012-04-22', '5956'),
(69, 119, '74:36:0815121:5956', 45, 237, 0.1, '2012-04-25', '5956'),
(69, 119, '74:36:0815121:5956', 45, 238, 0.1, '2012-04-28', '5956'),
(69, 119, '74:36:0815121:5956', 45, 239, 0.1, '2012-05-01', '5956'),
(69, 119, '74:36:0815121:5956', 45, 240, 0.1, '2012-05-04', '5956'),
(69, 119, '74:36:0815121:5956', 45, 241, 0.4, '2012-05-07', '5956'),
(69, 120, '74:36:0815121:5957', 45, 242, 0.3, '2012-05-10', '5957'),
(69, 120, '74:36:0815121:5957', 45, 243, 0.3, '2012-05-13', '5957'),
(69, 120, '74:36:0815121:5957', 45, 244, 0.4, '2012-05-16', '5957'),
(69, 121, '74:36:0815121:5958', 45, 245, 1, '2012-05-19', '5958'),
(69, 122, '74:36:0815121:5959', 45, 246, 1, '2012-05-22', '5959'),
(69, 123, '74:36:0815121:5960', 45, 247, 1, '2012-05-25', '5960'),
(69, 124, '74:36:0815121:5961', 45, 248, 1, '2012-05-28', '5961'),
(69, 125, '74:36:0815121:5962', 45, 249, 1, '2012-05-31', '5962'),
(69, 126, '74:36:0815121:5963', 45, 250, 1, '2012-06-03', '5963'),
(69, 127, '74:36:0815121:5964', 45, 251, 0.25, '2012-06-06', '5964'),
(69, 127, '74:36:0815121:5964', 45, 252, 0.25, '2012-06-09', '5964'),
(69, 127, '74:36:0815121:5964', 45, 253, 0.25, '2012-06-12', '5964'),
(69, 127, '74:36:0815121:5964', 45, 254, 0.25, '2012-06-15', '5964'),
(69, 128, '74:36:0815121:5965', 45, 255, 0.5, '2012-06-18', '5965'),
(69, 128, '74:36:0815121:5965', 45, 256, 0.5, '2012-06-21', '5965'),
(69, 129, '74:36:0815121:5966', 45, 257, 1, '2012-06-24', '5966'),
(69, 130, '74:36:0815121:5967', 45, 258, 1, '2012-06-27', '5967'),
(69, 131, '74:36:0815121:5968', 45, 259, 0.5, '2012-06-30', '5968'),
(69, 131, '74:36:0815121:5968', 45, 260, 0.5, '2012-07-03', '5968'),
(69, 132, '74:36:0815121:5969', 45, 261, 0.5, '2012-07-06', '5969'),
(69, 132, '74:36:0815121:5969', 45, 262, 0.5, '2012-07-09', '5969'),
(69, 133, '74:36:0815121:5970', 45, 263, 1, '2012-07-12', '5970'),
(69, 134, '74:36:0815121:5971', 45, 264, 1, '2012-07-15', '5971'),
(69, 135, '74:36:0815121:5972', 45, 265, 1, '2012-07-18', '5972'),
(69, 136, '74:36:0815121:5973', 45, 266, 1, '2012-07-21', '5973'),
(69, 137, '74:36:0815121:5974', 45, 267, 1, '2012-07-24', '5974'),
(69, 138, '74:36:0815121:5975', 45, 268, 1, '2012-07-27', '5975'),
(69, 139, '74:36:0815121:5976', 45, 269, 1, '2012-07-30', '5976'),
(69, 139, '74:36:0815121:5976', 45, 270, 1, '2012-08-02', '5976'),
(69, 140, '74:36:0815121:5977', 45, 271, 1, '2012-08-05', '5977'),
(69, 141, '74:36:0815121:5978', 45, 272, 1, '2012-08-08', '5978'),
(69, 142, '74:36:0815121:5979', 45, 273, 1, '2012-08-11', '5979'),
(69, 143, '74:36:0815121:5980', 45, 274, 1, '2012-08-14', '5980'),
(69, 144, '74:36:0815121:5981', 45, 275, 1, '2012-08-17', '5981')
;

INSERT INTO meetings (houses_id, start_date, end_date)
VALUES 
(86, '2010-03-15', '2010-04-14'),(86, '2010-05-06', '2010-06-05'),
(86, '2010-06-27', '2010-07-27'),(86, '2010-08-18', '2010-09-17'),
(86, '2010-10-09', '2010-11-08'),(86, '2010-11-30', '2010-12-30'),
(86, '2011-01-21', '2011-02-20'),(86, '2011-03-14', '2011-04-13'),
(86, '2011-05-05', '2011-06-04'),(86, '2011-06-26', '2011-07-26'),
(86, '2011-08-17', '2011-09-16'),(21, '2011-10-01', '2011-10-31'),
(86, '2011-10-08', '2011-11-07'),(21, '2011-11-12', '2011-12-12'),
(86, '2011-11-29', '2011-12-29'),(21, '2011-12-24', '2012-01-23'),
(86, '2012-01-20', '2012-02-19'),(21, '2012-02-04', '2012-03-05'),
(86, '2012-03-12', '2012-04-11'),(21, '2012-03-17', '2012-04-16'),
(21, '2012-04-28', '2012-05-28'),(86, '2012-05-03', '2012-06-02'),
(21, '2012-06-09', '2012-07-09'),(86, '2012-06-24', '2012-07-24'),
(21, '2012-07-21', '2012-08-20'),(21, '2012-09-01', '2012-10-01'),
(21, '2012-10-13', '2012-11-12'),(21, '2012-11-24', '2012-12-24'),
(21, '2013-01-05', '2013-02-04'),(21, '2013-02-16', '2013-03-18'),
(21, '2013-03-30', '2013-04-29'),(21, '2013-05-11', '2013-06-10'),
(21, '2013-06-22', '2013-07-22'),(21, '2013-08-03', '2013-09-02'),
(21, '2013-09-14', '2013-10-14'),(21, '2013-10-26', '2013-11-25'),
(21, '2013-12-07', '2014-01-06'),(21, '2014-01-18', '2014-02-17'),
(21, '2014-03-01', '2014-03-31'),(21, '2014-04-12', '2014-05-12'),
(21, '2014-05-24', '2014-06-23'),(21, '2014-07-05', '2014-08-04'),
(21, '2014-08-16', '2014-09-15'),(21, '2014-09-27', '2014-10-27'),
(21, '2014-11-08', '2014-12-08'),(21, '2014-12-20', '2015-01-19'),
(69, '2015-01-15', '2015-02-14'),(21, '2015-01-31', '2015-03-02'),
(69, '2015-02-22', '2015-03-24'),(21, '2015-03-14', '2015-04-13'),
(69, '2015-04-01', '2015-05-01'),(21, '2015-04-25', '2015-05-25'),
(69, '2015-05-09', '2015-06-08'),(21, '2015-06-06', '2015-07-06'),
(69, '2015-06-16', '2015-07-16'),(21, '2015-07-18', '2015-08-17'),
(69, '2015-07-24', '2015-08-23'),(21, '2015-08-29', '2015-09-28'),
(69, '2015-08-31', '2015-09-30'),(69, '2015-10-08', '2015-11-07'),
(21, '2015-10-10', '2015-11-09'),(69, '2015-11-15', '2015-12-15'),
(21, '2015-11-21', '2015-12-21'),(69, '2015-12-23', '2016-01-22'),
(21, '2016-01-02', '2016-02-01'),(69, '2016-01-30', '2016-02-29'),
(21, '2016-02-13', '2016-03-14'),(69, '2016-03-08', '2016-04-07'),
(21, '2016-03-26', '2016-04-25'),(69, '2016-04-15', '2016-05-15'),
(21, '2016-05-07', '2016-06-06'),(69, '2016-05-23', '2016-06-22'),
(21, '2016-06-18', '2016-07-18'),(69, '2016-06-30', '2016-07-30'),
(69, '2016-08-07', '2016-09-06'),(69, '2016-09-14', '2016-10-14'),
(69, '2016-10-22', '2016-11-21'),(69, '2016-11-29', '2016-12-29'),
(69, '2017-01-06', '2017-02-05'),(69, '2017-02-13', '2017-03-15'),
(69, '2017-03-23', '2017-04-22'),(69, '2017-04-30', '2017-05-30'),
(69, '2017-06-07', '2017-07-07'),(69, '2017-07-15', '2017-08-14'),
(69, '2017-08-22', '2017-09-21'),(69, '2017-09-29', '2017-10-29'),
(69, '2017-11-06', '2017-12-06'),(69, '2017-12-14', '2018-01-13'),
(69, '2018-01-21', '2018-02-20'),(69, '2018-02-28', '2018-03-30'),
(69, '2018-04-07', '2018-05-07'),(69, '2018-05-15', '2018-06-14'),
(69, '2018-06-22', '2018-07-22'),(69, '2018-07-30', '2018-08-29'),
(69, '2018-09-06', '2018-10-06'),(69, '2018-10-14', '2018-11-13'),
(69, '2018-11-21', '2018-12-21'),(69, '2018-12-29', '2019-01-28'),
(69, '2019-02-05', '2019-03-07'),(69, '2019-03-15', '2019-04-14'),
(69, '2019-04-22', '2019-05-22'),(69, '2019-05-30', '2019-06-29'),
(69, '2019-07-07', '2019-08-06'),(69, '2019-08-14', '2019-09-13');

INSERT INTO meeting_init (meetings_id, user_id)
VALUES 
(1, 1),(2, 2),(3, 3),(4, 4),(5, 5),(6, 6),(7, 7),(8, 8),(9, 9),(10, 10),
(11, 11),(12, 32),(13, 12),(14, 33),(15, 13),(16, 34),(17, 14),(18, 35),(19, 15),(20, 36),
(21, 37),(22, 16),(23, 38),(24, 17),(25, 39),(26, 40),(27, 40),(28, 42),(29, 42),(30, 44),
(31, 45),(32, 46),(33, 47),(34, 48),(35, 49),(36, 50),(37, 51),(38, 52),(39, 53),(40, 54),
(41, 55),(42, 56),(43, 57),(44, 58),(45, 59),(46, 60),(47, 76),(48, 61),(49, 77),(50, 62),
(51, 78),(52, 63),(53, 79),(54, 64),(55, 80),(56, 65),(57, 81),(58, 66),(59, 82),(60, 83),
(61, 67),(62, 84),(63, 68),(64, 85),(65, 69),(66, 86),(67, 70),(68, 87),(69, 71),(70, 88),
(71, 72),(72, 89),(73, 73),(74, 90),(75, 91),(76, 92),(77, 93),(78, 94),(79, 95),(80, 96),
(81, 97),(82, 98),(83, 99),(84, 100),(85, 101),(86, 102),(87, 103),(88, 104),(89, 105),
(90, 106),(91, 107),(92, 108),(93, 109),(94, 110),(95, 111),(96, 112),(97, 113),(98, 114),
(99, 115),(100, 116),(101, 117),(102, 118),(103, 119),(104, 119);


INSERT INTO participants (meetings_id, owners_id)
VALUES
(100, 77),(100, 80),(100, 83),(100, 86),(100, 89),(100, 92),(100, 95),(100, 98),(100, 101),
(100, 104),(100, 107),(100, 110),(100, 113),(100, 116),(100, 119),(100, 122),(100, 125),
(100, 128),(100, 131),(100, 134),(100, 137),(100, 140),(100, 143),(100, 146),(100, 149),
(100, 152),(100, 155),(100, 158),(100, 161),(101, 78),(101, 80),(101, 82),(101, 84),
(101, 86),(101, 88),(101, 90),(101, 92),(101, 94),(101, 96),(101, 98),(101, 100),(101, 102),
(101, 104),(101, 106),(101, 108),(101, 110),(101, 112),(101, 114),(101, 116),(101, 118),
(101, 120),(101, 122),(101, 124),(101, 126),(101, 128),(101, 130),(101, 132),(101, 134),
(101, 136),(101, 138),(101, 140),(101, 142),(101, 144),(101, 146),(101, 148),(101, 150),
(101, 152),(101, 154),(101, 156),(101, 158),(102, 125),(102, 126),(102, 127),(102, 128),
(102, 129),(102, 130),(102, 131),(102, 132),(102, 133),(102, 134),(102, 135),(102, 136),
(102, 137),(102, 138),(102, 139),(102, 140),(102, 141),(102, 142),(102, 143),(102, 144),
(102, 145),(102, 146),(102, 147),(102, 148),(102, 149),(102, 150),(102, 151),(102, 152),
(102, 153),(102, 154),(102, 155),(102, 156),(102, 157),(102, 158),(102, 159),(102, 160),
(102, 161),(102, 162),(102, 163),(103, 54),(103, 58),(103, 62),(103, 66),(103, 70),
(103, 74),(103, 78),(103, 82),(103, 86),(103, 90),(103, 94),(103, 98),(103, 102),(103, 106),
(103, 110),(103, 114),(103, 118),(103, 122),(103, 126),(103, 130),(103, 134),(103, 138),
(103, 142),(103, 146),(103, 150),(103, 154),(103, 158),(103, 162),(103, 166),(103, 170),
(103, 174),(103, 178),(103, 182),(103, 186),(103, 190),(103, 194),(103, 198),(104, 77),
(104, 78),(104, 79),(104, 80),(104, 81),(104, 82),(104, 83),(104, 84),(104, 85),(104, 86),
(104, 87),(104, 88),(104, 89),(104, 90),(104, 91),(104, 92),(104, 93),(104, 94),(104, 95),
(104, 96),(104, 97),(104, 98),(104, 99),(104, 100),(104, 101),(104, 102),(104, 103),
(104, 104),(104, 105),(104, 106),(104, 107),(104, 108),(104, 109),(104, 110),(104, 111),
(104, 112),(104, 113),(104, 114),(104, 115),(104, 116),(104, 117),(104, 118),(104, 119),
(104, 120),(104, 121),(104, 122),(104, 123),(104, 124),(104, 125),(104, 126),(104, 127),
(104, 128),(104, 129),(104, 130),(104, 131),(104, 132),(104, 133),(104, 134),(104, 135),
(104, 136),(104, 137),(104, 138),(104, 139),(104, 140),(104, 141),(104, 142),(104, 143),
(104, 144),(104, 145),(104, 146),(104, 147),(104, 148),(104, 149),(104, 150),(104, 151),
(104, 152),(104, 153),(104, 154),(104, 155),(104, 156),(104, 157),(104, 158),(104, 159),
(104, 160),(104, 161),(104, 162),(104, 163),(104, 164),(104, 165),(104, 166),(104, 167),
(104, 168),(104, 169),(104, 170),(104, 171),(104, 172),(104, 173),(104, 174),(104, 175),
(104, 176),(104, 177),(104, 178),(104, 179),(104, 180),(104, 181),(104, 182),(104, 183),
(104, 184),(104, 185),(104, 186),(104, 187),(104, 188),(104, 189),(104, 190),(104, 191),
(104, 192),(104, 193),(104, 194),(104, 195),(104, 196),(104, 197),(104, 198),(104, 199),
(104, 200),(104, 201),(104, 202),(104, 203),(104, 204),(104, 205),(104, 206),(104, 207),
(104, 215),(104, 216),(104, 217),(104, 218),(104, 219),(104, 220),(104, 221),(104, 222),
(104, 223),(104, 224),(104, 225),(104, 226),(104, 229),(104, 230),(104, 231),(104, 232),
(104, 233),(104, 234),(104, 235),(104, 236),(104, 237),(104, 238),(104, 239),(104, 240),
(104, 244),(104, 245),(104, 246),(104, 247),(104, 248),(104, 249),(104, 250),(104, 251),
(104, 252),(104, 253),(104, 254),(104, 255),(104, 256),(104, 257),(104, 258),(104, 259),
(104, 260),(104, 261);


INSERT INTO agendas (meetings_id, question, solution)
VALUES 
(104,'Об утверждении повестки дня общего собрания собственников, предложенной инициатором собрания',
'Утвердить повестку дня общего собрания собственников'),
(104,'Выбры председателя и секретаря собрания','Выбрать председателем ОСС  Маликову Т.В соб кв.35. 
секретарем собрания  ОСС  Марклову Т.Б соб. кв.34'),
(104,'Принятие решения о проведении строительства детской площадки в 2019-2020 гг.',
'Построить детскую площадку в 2019 -2020 г.'),
(104,'Об утверждении размера предельной стоимости по строительству',
'Утвердить предельную стоимость в размере 1000000 рублей '),
(104,'Об утверждении уполномоченного лица участвовать в приемке выполненных работ',
'Утвердить уполномоченного лица в приемке выполненных работ  Маликову Т.В  кв.35'),
(104,'Об утверждении места хранения  протокола общего собрания',
'Утвердить место храниения протокола общего собрания кв.34 Маркелова Т.Б');


INSERT INTO solutions (agendas_id, participant_id, solution)
VALUES 
(1, 147, "false"),(2, 147, "false"),(3, 147, "false"),(4, 147, "false"),(5, 147, "false"),(6, 147, "false"),
(1, 148, "true"),(2, 148, "true"),(3, 148, "true"),(4, 148, "true"),(5, 148, "true"),(6, 148, "true"),
(1, 149, "false"),(2, 149, "false"),(3, 149, "false"),(4, 149, "false"),(5, 149, "false"),(6, 149, "false"),
(1, 150, "true"),(2, 150, "true"),(3, 150, "true"),(4, 150, "true"),(5, 150, "true"),(6, 150, "true"),
(1, 151, "false"),(2, 151, "false"),(3, 151, "false"),(4, 151, "false"),(5, 151, "false"),(6, 151, "false"),
(1, 152, "false"),(2, 152, "false"),(3, 152, "false"),(4, 152, "false"),(5, 152, "false"),(6, 152, "false"),
(1, 153, "null"),(2, 153, "true"),(3, 153, "true"),(4, 153, "true"),(5, 153, "true"),(6, 153, "true"),
(1, 154, "true"),(2, 154, "null"),(3, 154, "true"),(4, 154, "true"),(5, 154, "true"),(6, 154, "true"),
(1, 155, "true"),(2, 155, "true"),(3, 155, "true"),(4, 155, "true"),(5, 155, "true"),(6, 155, "true"),
(1, 156, "true"),(2, 156, "true"),(3, 156, "true"),(4, 156, "true"),(5, 156, "true"),(6, 156, "true"),
(1, 157, "true"),(2, 157, "true"),(3, 157, "true"),(4, 157, "true"),(5, 157, "true"),(6, 157, "true"),
(1, 158, "true"),(2, 158, "true"),(3, 158, "null"),(4, 158, "true"),(5, 158, "true"),(6, 158, "true"),
(1, 159, "true"),(2, 159, "true"),(3, 159, "true"),(4, 159, "true"),(5, 159, "true"),(6, 159, "true"),
(1, 160, "true"),(2, 160, "true"),(3, 160, "true"),(4, 160, "true"),(5, 160, "true"),(6, 160, "true"),
(1, 161, "true"),(2, 161, "true"),(3, 161, "true"),(4, 161, "null"),(5, 161, "true"),(6, 161, "true"),
(1, 162, "true"),(2, 162, "true"),(3, 162, "true"),(4, 162, "true"),(5, 162, "true"),(6, 162, "true"),
(1, 163, "true"),(2, 163, "true"),(3, 163, "true"),(4, 163, "true"),(5, 163, "true"),(6, 163, "true"),
(1, 164, "true"),(2, 164, "true"),(3, 164, "true"),(4, 164, "true"),(5, 164, "true"),(6, 164, "true"),
(1, 165, "true"),(2, 165, "true"),(3, 165, "true"),(4, 165, "true"),(5, 165, "true"),(6, 165, "true"),
(1, 166, "true"),(2, 166, "true"),(3, 166, "true"),(4, 166, "true"),(5, 166, "null"),(6, 166, "true"),
(1, 167, "true"),(2, 167, "true"),(3, 167, "true"),(4, 167, "true"),(5, 167, "true"),(6, 167, "true"),
(1, 168, "true"),(2, 168, "true"),(3, 168, "true"),(4, 168, "true"),(5, 168, "true"),(6, 168, "true"),
(1, 169, "true"),(2, 169, "true"),(3, 169, "true"),(4, 169, "true"),(5, 169, "true"),(6, 169, "true"),
(1, 170, "true"),(2, 170, "true"),(3, 170, "true"),(4, 170, "true"),(5, 170, "true"),(6, 170, "true"),
(1, 171, "true"),(2, 171, "true"),(3, 171, "true"),(4, 171, "true"),(5, 171, "true"),(6, 171, "null"),
(1, 172, "true"),(2, 172, "true"),(3, 172, "true"),(4, 172, "true"),(5, 172, "true"),(6, 172, "null"),
(1, 173, "true"),(2, 173, "true"),(3, 173, "true"),(4, 173, "true"),(5, 173, "true"),(6, 173, "true"),
(1, 174, "true"),(2, 174, "true"),(3, 174, "true"),(4, 174, "true"),(5, 174, "true"),(6, 174, "null"),
(1, 175, "true"),(2, 175, "true"),(3, 175, "true"),(4, 175, "true"),(5, 175, "true"),(6, 175, "true"),
(1, 176, "true"),(2, 176, "true"),(3, 176, "true"),(4, 176, "true"),(5, 176, "true"),(6, 176, "true"),
(1, 177, "true"),(2, 177, "true"),(3, 177, "true"),(4, 177, "true"),(5, 177, "true"),(6, 177, "null"),
(1, 178, "true"),(2, 178, "true"),(3, 178, "true"),(4, 178, "true"),(5, 178, "true"),(6, 178, "true"),
(1, 179, "true"),(2, 179, "true"),(3, 179, "true"),(4, 179, "true"),(5, 179, "true"),(6, 179, "true"),
(1, 180, "true"),(2, 180, "true"),(3, 180, "true"),(4, 180, "true"),(5, 180, "true"),(6, 180, "true"),
(1, 181, "true"),(2, 181, "true"),(3, 181, "true"),(4, 181, "true"),(5, 181, "true"),(6, 181, "true"),
(1, 182, "true"),(2, 182, "true"),(3, 182, "true"),(4, 182, "true"),(5, 182, "true"),(6, 182, "true"),
(1, 183, "true"),(2, 183, "true"),(3, 183, "true"),(4, 183, "true"),(5, 183, "true"),(6, 183, "true"),
(1, 184, "true"),(2, 184, "true"),(3, 184, "true"),(4, 184, "true"),(5, 184, "true"),(6, 184, "true"),
(1, 185, "true"),(2, 185, "true"),(3, 185, "true"),(4, 185, "true"),(5, 185, "true"),(6, 185, "true"),
(1, 186, "true"),(2, 186, "true"),(3, 186, "true"),(4, 186, "true"),(5, 186, "true"),(6, 186, "true"),
(1, 187, "true"),(2, 187, "true"),(3, 187, "true"),(4, 187, "true"),(5, 187, "true"),(6, 187, "true"),
(1, 188, "true"),(2, 188, "true"),(3, 188, "true"),(4, 188, "true"),(5, 188, "true"),(6, 188, "true"),
(1, 189, "true"),(2, 189, "true"),(3, 189, "true"),(4, 189, "true"),(5, 189, "true"),(6, 189, "true"),
(1, 190, "true"),(2, 190, "true"),(3, 190, "true"),(4, 190, "true"),(5, 190, "true"),(6, 190, "true"),
(1, 191, "true"),(2, 191, "true"),(3, 191, "true"),(4, 191, "true"),(5, 191, "true"),(6, 191, "true"),
(1, 192, "true"),(2, 192, "true"),(3, 192, "true"),(4, 192, "true"),(5, 192, "true"),(6, 192, "true"),
(1, 193, "true"),(2, 193, "true"),(3, 193, "true"),(4, 193, "true"),(5, 193, "true"),(6, 193, "true"),
(1, 194, "true"),(2, 194, "true"),(3, 194, "true"),(4, 194, "true"),(5, 194, "true"),(6, 194, "true"),
(1, 195, "true"),(2, 195, "true"),(3, 195, "true"),(4, 195, "true"),(5, 195, "true"),(6, 195, "true"),
(1, 196, "true"),(2, 196, "true"),(3, 196, "true"),(4, 196, "true"),(5, 196, "true"),(6, 196, "true"),
(1, 197, "true"),(2, 197, "true"),(3, 197, "true"),(4, 197, "true"),(5, 197, "true"),(6, 197, "true"),
(1, 198, "true"),(2, 198, "true"),(3, 198, "true"),(4, 198, "true"),(5, 198, "true"),(6, 198, "true"),
(1, 199, "true"),(2, 199, "true"),(3, 199, "true"),(4, 199, "true"),(5, 199, "true"),(6, 199, "true"),
(1, 200, "true"),(2, 200, "true"),(3, 200, "true"),(4, 200, "true"),(5, 200, "true"),(6, 200, "true"),
(1, 201, "false"),(2, 201, "false"),(3, 201, "false"),(4, 201, "false"),(5, 201, "false"),(6, 201, "false"),
(1, 202, "false"),(2, 202, "false"),(3, 202, "false"),(4, 202, "false"),(5, 202, "false"),(6, 202, "false"),
(1, 203, "true"),(2, 203, "true"),(3, 203, "true"),(4, 203, "true"),(5, 203, "true"),(6, 203, "true"),
(1, 204, "false"),(2, 204, "false"),(3, 204, "false"),(4, 204, "false"),(5, 204, "false"),(6, 204, "false"),
(1, 205, "true"),(2, 205, "true"),(3, 205, "true"),(4, 205, "true"),(5, 205, "true"),(6, 205, "true"),
(1, 206, "false"),(2, 206, "false"),(3, 206, "false"),(4, 206, "false"),(5, 206, "false"),(6, 206, "false"),
(1, 207, "false"),(2, 207, "false"),(3, 207, "false"),(4, 207, "false"),(5, 207, "false"),(6, 207, "false"),
(1, 208, "true"),(2, 208, "true"),(3, 208, "true"),(4, 208, "true"),(5, 208, "true"),(6, 208, "true"),
(1, 209, "false"),(2, 209, "false"),(3, 209, "false"),(4, 209, "false"),(5, 209, "false"),(6, 209, "false"),
(1, 210, "true"),(2, 210, "true"),(3, 210, "true"),(4, 210, "true"),(5, 210, "true"),(6, 210, "true"),
(1, 211, "false"),(2, 211, "false"),(3, 211, "false"),(4, 211, "false"),(5, 211, "false"),(6, 211, "false"),
(1, 212, "false"),(2, 212, "false"),(3, 212, "false"),(4, 212, "false"),(5, 212, "false"),(6, 212, "false"),
(1, 213, "true"),(2, 213, "true"),(3, 213, "true"),(4, 213, "true"),(5, 213, "true"),(6, 213, "true"),
(1, 214, "false"),(2, 214, "false"),(3, 214, "false"),(4, 214, "false"),(5, 214, "false"),(6, 214, "false"),
(1, 215, "true"),(2, 215, "true"),(3, 215, "true"),(4, 215, "true"),(5, 215, "true"),(6, 215, "true"),
(1, 216, "false"),(2, 216, "false"),(3, 216, "false"),(4, 216, "false"),(5, 216, "false"),(6, 216, "false"),
(1, 217, "false"),(2, 217, "false"),(3, 217, "false"),(4, 217, "false"),(5, 217, "false"),(6, 217, "false"),
(1, 218, "true"),(2, 218, "true"),(3, 218, "true"),(4, 218, "true"),(5, 218, "true"),(6, 218, "true"),
(1, 219, "false"),(2, 219, "false"),(3, 219, "false"),(4, 219, "false"),(5, 219, "false"),(6, 219, "false"),
(1, 220, "true"),(2, 220, "true"),(3, 220, "true"),(4, 220, "true"),(5, 220, "true"),(6, 220, "true"),
(1, 221, "false"),(2, 221, "false"),(3, 221, "false"),(4, 221, "false"),(5, 221, "false"),(6, 221, "false"),
(1, 222, "false"),(2, 222, "false"),(3, 222, "false"),(4, 222, "false"),(5, 222, "false"),(6, 222, "false"),
(1, 223, "true"),(2, 223, "true"),(3, 223, "true"),(4, 223, "true"),(5, 223, "true"),(6, 223, "true"),
(1, 224, "false"),(2, 224, "false"),(3, 224, "false"),(4, 224, "false"),(5, 224, "false"),(6, 224, "false"),
(1, 225, "true"),(2, 225, "true"),(3, 225, "true"),(4, 225, "true"),(5, 225, "true"),(6, 225, "true"),
(1, 226, "false"),(2, 226, "false"),(3, 226, "false"),(4, 226, "false"),(5, 226, "false"),(6, 226, "false"),
(1, 227, "false"),(2, 227, "false"),(3, 227, "false"),(4, 227, "false"),(5, 227, "false"),(6, 227, "false"),
(1, 228, "true"),(2, 228, "true"),(3, 228, "true"),(4, 228, "true"),(5, 228, "true"),(6, 228, "true"),
(1, 229, "false"),(2, 229, "false"),(3, 229, "false"),(4, 229, "false"),(5, 229, "false"),(6, 229, "false"),
(1, 230, "true"),(2, 230, "true"),(3, 230, "true"),(4, 230, "true"),(5, 230, "true"),(6, 230, "true"),
(1, 231, "false"),(2, 231, "false"),(3, 231, "false"),(4, 231, "false"),(5, 231, "false"),(6, 231, "false"),
(1, 232, "false"),(2, 232, "false"),(3, 232, "false"),(4, 232, "false"),(5, 232, "false"),(6, 232, "false"),
(1, 233, "true"),(2, 233, "true"),(3, 233, "true"),(4, 233, "true"),(5, 233, "true"),(6, 233, "true"),
(1, 234, "false"),(2, 234, "false"),(3, 234, "false"),(4, 234, "false"),(5, 234, "false"),(6, 234, "false"),
(1, 235, "true"),(2, 235, "true"),(3, 235, "true"),(4, 235, "true"),(5, 235, "true"),(6, 235, "true"),
(1, 236, "false"),(2, 236, "false"),(3, 236, "false"),(4, 236, "false"),(5, 236, "false"),(6, 236, "false"),
(1, 237, "false"),(2, 237, "false"),(3, 237, "false"),(4, 237, "false"),(5, 237, "false"),(6, 237, "false"),
(1, 238, "true"),(2, 238, "true"),(3, 238, "true"),(4, 238, "true"),(5, 238, "true"),(6, 238, "true"),
(1, 239, "false"),(2, 239, "false"),(3, 239, "false"),(4, 239, "false"),(5, 239, "false"),(6, 239, "false"),
(1, 240, "true"),(2, 240, "true"),(3, 240, "true"),(4, 240, "true"),(5, 240, "true"),(6, 240, "true"),
(1, 241, "false"),(2, 241, "false"),(3, 241, "false"),(4, 241, "false"),(5, 241, "false"),(6, 241, "false"),
(1, 242, "false"),(2, 242, "false"),(3, 242, "false"),(4, 242, "false"),(5, 242, "false"),(6, 242, "false"),
(1, 243, "true"),(2, 243, "true"),(3, 243, "true"),(4, 243, "true"),(5, 243, "true"),(6, 243, "true"),
(1, 244, "false"),(2, 244, "false"),(3, 244, "false"),(4, 244, "false"),(5, 244, "false"),(6, 244, "false"),
(1, 245, "true"),(2, 245, "true"),(3, 245, "true"),(4, 245, "true"),(5, 245, "true"),(6, 245, "true"),
(1, 246, "false"),(2, 246, "false"),(3, 246, "false"),(4, 246, "false"),(5, 246, "false"),(6, 246, "false"),
(1, 247, "false"),(2, 247, "false"),(3, 247, "false"),(4, 247, "false"),(5, 247, "false"),(6, 247, "false"),
(1, 248, "true"),(2, 248, "true"),(3, 248, "true"),(4, 248, "true"),(5, 248, "true"),(6, 248, "true"),
(1, 249, "false"),(2, 249, "false"),(3, 249, "false"),(4, 249, "false"),(5, 249, "false"),(6, 249, "false"),
(1, 250, "true"),(2, 250, "true"),(3, 250, "true"),(4, 250, "true"),(5, 250, "true"),(6, 250, "true"),
(1, 251, "false"),(2, 251, "false"),(3, 251, "false"),(4, 251, "false"),(5, 251, "false"),(6, 251, "false"),
(1, 252, "false"),(2, 252, "false"),(3, 252, "false"),(4, 252, "false"),(5, 252, "false"),(6, 252, "false"),
(1, 253, "true"),(2, 253, "true"),(3, 253, "true"),(4, 253, "true"),(5, 253, "true"),(6, 253, "true"),
(1, 254, "false"),(2, 254, "false"),(3, 254, "false"),(4, 254, "false"),(5, 254, "false"),(6, 254, "false"),
(1, 255, "true"),(2, 255, "true"),(3, 255, "true"),(4, 255, "true"),(5, 255, "true"),(6, 255, "true"),
(1, 256, "false"),(2, 256, "false"),(3, 256, "false"),(4, 256, "false"),(5, 256, "false"),(6, 256, "false"),
(1, 257, "false"),(2, 257, "false"),(3, 257, "false"),(4, 257, "false"),(5, 257, "false"),(6, 257, "false"),
(1, 258, "true"),(2, 258, "true"),(3, 258, "true"),(4, 258, "true"),(5, 258, "true"),(6, 258, "true"),
(1, 259, "false"),(2, 259, "false"),(3, 259, "false"),(4, 259, "false"),(5, 259, "false"),(6, 259, "false"),
(1, 260, "true"),(2, 260, "true"),(3, 260, "true"),(4, 260, "true"),(5, 260, "true"),(6, 260, "true"),
(1, 261, "false"),(2, 261, "false"),(3, 261, "false"),(4, 261, "false"),(5, 261, "false"),(6, 261, "false"),
(1, 262, "false"),(2, 262, "false"),(3, 262, "false"),(4, 262, "false"),(5, 262, "false"),(6, 262, "false"),
(1, 263, "true"),(2, 263, "true"),(3, 263, "true"),(4, 263, "true"),(5, 263, "true"),(6, 263, "true"),
(1, 264, "false"),(2, 264, "false"),(3, 264, "false"),(4, 264, "false"),(5, 264, "false"),(6, 264, "false"),
(1, 265, "true"),(2, 265, "true"),(3, 265, "true"),(4, 265, "true"),(5, 265, "true"),(6, 265, "true"),
(1, 266, "false"),(2, 266, "false"),(3, 266, "false"),(4, 266, "false"),(5, 266, "false"),(6, 266, "false"),
(1, 267, "false"),(2, 267, "false"),(3, 267, "false"),(4, 267, "false"),(5, 267, "false"),(6, 267, "false"),
(1, 268, "true"),(2, 268, "true"),(3, 268, "true"),(4, 268, "true"),(5, 268, "true"),(6, 268, "true"),
(1, 269, "false"),(2, 269, "false"),(3, 269, "false"),(4, 269, "false"),(5, 269, "false"),(6, 269, "false"),
(1, 270, "true"),(2, 270, "true"),(3, 270, "true"),(4, 270, "true"),(5, 270, "true"),(6, 270, "true"),
(1, 271, "false"),(2, 271, "false"),(3, 271, "false"),(4, 271, "false"),(5, 271, "false"),(6, 271, "false"),
(1, 272, "false"),(2, 272, "false"),(3, 272, "false"),(4, 272, "false"),(5, 272, "false"),(6, 272, "false"),
(1, 273, "true"),(2, 273, "true"),(3, 273, "true"),(4, 273, "true"),(5, 273, "true"),(6, 273, "true"),
(1, 274, "false"),(2, 274, "false"),(3, 274, "false"),(4, 274, "false"),(5, 274, "false"),(6, 274, "false"),
(1, 275, "true"),(2, 275, "true"),(3, 275, "true"),(4, 275, "true"),(5, 275, "true"),(6, 275, "true"),
(1, 276, "false"),(2, 276, "false"),(3, 276, "false"),(4, 276, "false"),(5, 276, "false"),(6, 276, "false"),
(1, 277, "false"),(2, 277, "false"),(3, 277, "false"),(4, 277, "false"),(5, 277, "false"),(6, 277, "false"),
(1, 278, "true"),(2, 278, "true"),(3, 278, "true"),(4, 278, "true"),(5, 278, "true"),(6, 278, "true"),
(1, 279, "false"),(2, 279, "false"),(3, 279, "false"),(4, 279, "false"),(5, 279, "false"),(6, 279, "false"),
(1, 280, "true"),(2, 280, "true"),(3, 280, "true"),(4, 280, "true"),(5, 280, "true"),(6, 280, "true"),
(1, 281, "false"),(2, 281, "false"),(3, 281, "false"),(4, 281, "false"),(5, 281, "false"),(6, 281, "false"),
(1, 282, "false"),(2, 282, "false"),(3, 282, "false"),(4, 282, "false"),(5, 282, "false"),(6, 282, "false"),
(1, 283, "true"),(2, 283, "true"),(3, 283, "true"),(4, 283, "true"),(5, 283, "true"),(6, 283, "true"),
(1, 284, "false"),(2, 284, "false"),(3, 284, "false"),(4, 284, "false"),(5, 284, "false"),(6, 284, "false"),
(1, 285, "true"),(2, 285, "true"),(3, 285, "true"),(4, 285, "true"),(5, 285, "true"),(6, 285, "true"),
(1, 286, "false"),(2, 286, "false"),(3, 286, "false"),(4, 286, "false"),(5, 286, "false"),(6, 286, "false"),
(1, 287, "false"),(2, 287, "false"),(3, 287, "false"),(4, 287, "false"),(5, 287, "false"),(6, 287, "false"),
(1, 288, "true"),(2, 288, "true"),(3, 288, "true"),(4, 288, "true"),(5, 288, "true"),(6, 288, "true"),
(1, 289, "false"),(2, 289, "false"),(3, 289, "false"),(4, 289, "false"),(5, 289, "false"),(6, 289, "false"),
(1, 290, "true"),(2, 290, "true"),(3, 290, "true"),(4, 290, "true"),(5, 290, "true"),(6, 290, "true"),
(1, 291, "false"),(2, 291, "false"),(3, 291, "false"),(4, 291, "false"),(5, 291, "false"),(6, 291, "false"),
(1, 292, "false"),(2, 292, "false"),(3, 292, "false"),(4, 292, "false"),(5, 292, "false"),(6, 292, "false"),
(1, 293, "true"),(2, 293, "true"),(3, 293, "true"),(4, 293, "true"),(5, 293, "true"),(6, 293, "true"),
(1, 294, "false"),(2, 294, "false"),(3, 294, "false"),(4, 294, "false"),(5, 294, "false"),(6, 294, "false"),
(1, 295, "true"),(2, 295, "true"),(3, 295, "true"),(4, 295, "true"),(5, 295, "true"),(6, 295, "true"),
(1, 296, "false"),(2, 296, "false"),(3, 296, "false"),(4, 296, "false"),(5, 296, "false"),(6, 296, "false"),
(1, 297, "false"),(2, 297, "false"),(3, 297, "false"),(4, 297, "false"),(5, 297, "false"),(6, 297, "false"),
(1, 298, "true"),(2, 298, "true"),(3, 298, "true"),(4, 298, "true"),(5, 298, "true"),(6, 298, "true"),
(1, 299, "false"),(2, 299, "false"),(3, 299, "false"),(4, 299, "false"),(5, 299, "false"),(6, 299, "false"),
(1, 300, "true"),(2, 300, "true"),(3, 300, "true"),(4, 300, "true"),(5, 300, "true"),(6, 300, "true"),
(1, 301, "false"),(2, 301, "false"),(3, 301, "false"),(4, 301, "false"),(5, 301, "false"),(6, 301, "false"),
(1, 302, "false"),(2, 302, "false"),(3, 302, "false"),(4, 302, "false"),(5, 302, "false"),(6, 302, "false"),
(1, 303, "true"),(2, 303, "true"),(3, 303, "true"),(4, 303, "true"),(5, 303, "true"),(6, 303, "true"),
(1, 304, "false"),(2, 304, "false"),(3, 304, "false"),(4, 304, "false"),(5, 304, "false"),(6, 304, "false"),
(1, 305, "true"),(2, 305, "true"),(3, 305, "true"),(4, 305, "true"),(5, 305, "true"),(6, 305, "true"),
(1, 306, "false"),(2, 306, "false"),(3, 306, "false"),(4, 306, "false"),(5, 306, "false"),(6, 306, "false"),
(1, 307, "false"),(2, 307, "false"),(3, 307, "false"),(4, 307, "false"),(5, 307, "false"),(6, 307, "false"),
(1, 308, "true"),(2, 308, "true"),(3, 308, "true"),(4, 308, "true"),(5, 308, "true"),(6, 308, "true"),
(1, 309, "false"),(2, 309, "false"),(3, 309, "false"),(4, 309, "false"),(5, 309, "false"),(6, 309, "false"),
(1, 310, "true"),(2, 310, "true"),(3, 310, "true"),(4, 310, "true"),(5, 310, "true"),(6, 310, "true"),
(1, 311, "false"),(2, 311, "false"),(3, 311, "false"),(4, 311, "false"),(5, 311, "false"),(6, 311, "false"),
(1, 312, "false"),(2, 312, "false"),(3, 312, "false"),(4, 312, "false"),(5, 312, "false"),(6, 312, "false"),
(1, 313, "true"),(2, 313, "true"),(3, 313, "true"),(4, 313, "true"),(5, 313, "true"),(6, 313, "true"),
(1, 314, "false"),(2, 314, "false"),(3, 314, "false"),(4, 314, "false"),(5, 314, "false"),(6, 314, "false"),
(1, 315, "true"),(2, 315, "true"),(3, 315, "true"),(4, 315, "true"),(5, 315, "true"),(6, 315, "true"),
(1, 316, "false"),(2, 316, "false"),(3, 316, "false"),(4, 316, "false"),(5, 316, "false"),(6, 316, "false"),
(1, 317, "false"),(2, 317, "false"),(3, 317, "false"),(4, 317, "false"),(5, 317, "false"),(6, 317, "false"),
(1, 318, "true"),(2, 318, "true"),(3, 318, "true"),(4, 318, "true"),(5, 318, "true"),(6, 318, "true"),
(1, 319, "false"),(2, 319, "false"),(3, 319, "false"),(4, 319, "false"),(5, 319, "false"),(6, 319, "false")
;

set @init := 'e83517412356@mail.ru';
INSERT INTO meetings (houses_id, start_date, end_date) VALUES (
(select houses_id from owners o WHERE users_id =
(select id from users where email= @init))
, (now()+ INTERVAL 12 DAY), (now()+ INTERVAL 40 DAY));

INSERT INTO meeting_init (meetings_id, user_id)
VALUES ((select count(*) from meetings),
(select id from users where email= @init));

INSERT INTO participants (meetings_id, owners_id)
VALUES ( (select count(*) from meetings),
(select id from owners WHERE users_id =(select id from users where email= @init))
);

INSERT INTO agendas (meetings_id, question, solution)
VALUES 
((select count(*) from meetings),
'Об утверждении повестки дня общего собрания собственников, предложенной инициатором собрания',
'Утвердить повестку дня общего собрания собственников'),
((select count(*) from meetings),
'Выбры председателя и секретаря собрания','Выбрать председателем ОСС  Шидковская Л.И. соб кв.1. 
секретарем собрания  ОСС  Орлова А.Р. соб. кв.2'),
((select count(*) from meetings),
'Принятие решения о проведении ремонта кровли дома в 2019-2020 гг.',
'Провести ремонт кровли  дома в 2019 -2020 г.'),
((select count(*) from meetings),
'Об утверждении размера предельной стоимости по строительству',
'Утвердить предельную стоимость в размере 2000000 рублей '),
((select count(*) from meetings),
'Об утверждении места хранения  протокола общего собрания',
'Утвердить место храниения протокола общего собрания кв.1 Шидковская Л.И.');

